:020000040800F2
:10000000200D002079020008057A00088D540008B0
:10001000816E000845080008799300080000000080
:100020000000000000000000000000007D7F0008CC
:100030005109000800000000057F00081D8300082A
:10004000930200089302000893020008930200083C
:10005000930200089302000893020008930200082C
:100060009302000893020008930200084908000860
:10007000590800086908000879080008890800087C
:1000800093020008000000007D05000893020008AC
:1000900093020008930200089302000893020008EC
:1000A00093020008930200089302000893020008DC
:1000B000A583000893020008930200084955000830
:1000C00039550008930200089302000893020008C3
:1000D0009302000893020008699300089302000845
:1000E000930200089302000893020008930200089C
:1000F0009302000893020008930200080000000029
:1001000000000000930200080000000093020008B5
:100110009302000800000000930200089302000808
:10012000930200089302000893020008930200085B
:100130009302000800000000000000009302000885
:100140009302000893020008000000000000000075
:10015000000000000000000000000000000000009F
:1001600000000000000000000000000093020008F2
:1001700093020008000000000000000000000000E2
:1001800000000000930200080000000000000000D2
:10019000000000000000000000000000000000005F
:1001A0000000000000000000930200089302000815
:1001B0009302000893020008930200080000000068
:1001C0000000000093020008000000000000000092
:1001D000930200089302000800F002F800F03CF8D7
:1001E0000AA090E8000C82448344AAF10107DA4592
:1001F00001D100F031F8AFF2090EBAE80F0013F0A8
:10020000010F18BFFB1A43F00103184778A4000040
:1002100098A40000103A24BF78C878C1FAD85207D1
:1002200024BF30C830C144BF04680C607047000070
:100230000023002400250026103A28BF78C1FBD8EF
:10024000520728BF30C148BF0B6070471FB509F087
:100250003AFE1FBD10B510BD00F05AF91146FFF768
:10026000F5FF09F075FC00F078F903B4FFF7F2FF31
:1002700003BC00F07BF900000948804709480047AB
:10028000FEE7FEE7FEE7FEE7FEE7FEE7FEE7FEE746
:10029000FEE7FEE704480549054A064B70470000A3
:1002A00091830008D901000820070020200D0020BC
:1002B000200900202009002053EA020C00F0698088
:1002C0002DE9F04B4FF00006002B1FBFB3FA83F56A
:1002D00003FA05F424FA05F65E4012BF1643B2FA9B
:1002E00082F502FA05F4C5F120051EBF22FA05FCCD
:1002F00044EA0C04203556EA044C4FEA144418BF73
:10030000641C4FF000084FF00009904271EB030CA1
:1003100039D3002919BFB1FA81F701FA07F6B0FA0B
:1003200080F700FA07F6C7F120071EBF20FA07FC86
:1003300046EA0C062037B6FBF4FCA7EB0507103F96
:1003400007F01F0BCBF120060CFA0BFB2CFA06F67C
:1003500044BFB3460026202FA4BF5E464FF0000BDB
:100360005BEA060C08BF4FF0010B19EB0B09ABFB66
:10037000027C48EB0608C01B06FB02CC0BFB03CC3F
:1003800071EB0C01C1E70B46024641464846BDE809
:10039000F08B13B54FF000004FF00001AFF3008079
:1003A000BDE81C407047032A40F2308010F0030C77
:1003B00000F0158011F8013BBCF1020F624498BFB8
:1003C00011F801CB00F8013B38BF11F8013BA2F155
:1003D000040298BF00F801CB38BF00F8013B11F0D0
:1003E000030300F02580083AC0F0088051F8043B70
:1003F000083A51F804CBA0E80810F5E7121D5CBFDD
:1004000051F8043B40F8043BAFF30080D20724BF0F
:1004100011F8013B11F801CB48BF11F8012B24BFA3
:1004200000F8013B00F801CB48BF00F8012B7047F2
:1004300010B5203AC0F00B80B1E81850203AA0E87F
:100440001850B1E81850A0E81850BFF4F5AF5FEAB3
:10045000027C24BFB1E81850A0E8185044BF18C966
:1004600018C0BDE810405FEA827C24BF51F8043B0D
:1004700040F8043B08BF7047D20728BF31F8023B61
:1004800048BF11F8012B28BF20F8023B48BF00F8F5
:10049000012B70474FF0000200B513469446964674
:1004A000203922BFA0E80C50A0E80C50B1F1200187
:1004B000BFF4F7AF090728BFA0E80C5048BF0CC035
:1004C0005DF804EB890028BF40F8042B08BF704793
:1004D00048BF20F8022B11F0804F18BF00F8012B05
:1004E000704770477047704710B500F009F8006812
:1004F00010BD10B5044600F003F8046010BD000004
:1005000000487047BC06002000487047BC06002029
:100510007546FFF7F9FFAE4605006946534620F0E1
:100520000700854618B020B5FFF7B4FEBDE82040AF
:100530004FF000064FF000074FF000084FF0000B9F
:1005400021F00701AC46ACE8C009ACE8C009ACE852
:10055000C009ACE8C0098D46704710B50446AFF33A
:1005600000802046BDE81040FFF77FBE01491820FB
:10057000ABBEFEE7260002007047000010B503483E
:1005800001F0F0FA024801F0EDFA10BD5000002031
:10059000BC0000202DE9F05F044688464FF00009BA
:1005A0004746206806F052F98246206806F026F990
:1005B0008346BAF1000F02D1BBF1000F72D0206860
:1005C000C06800F0007000B3607F01281DD1207F5B
:1005D00001281AD101270FE0334881450AD3E06D85
:1005E00040F01000E065206E40F001002066012020
:1005F000BDE8F09F09F1010920680068C0F3801090
:100600000028E9D0402021680860022F10D020681F
:1006100006F01CF960B1206806F004F940B92068C2
:100620008168224A114041F01001816000BF00BF83
:10063000012F10D0206806F0E1F860B1206806F0C4
:10064000F1F840B920688168184A114041F0200152
:10065000816000BF00BF022F03D0032F03D10C2500
:1006600003E0082501E0042500BF00BF02F0C4FA42
:10067000064612E002F0C0FA801B05280DD920685A
:100680008068284048B1E06D40F01000E065206EC1
:1006900040F0010020660120AAE720688068284019
:1006A0000028E7D10020A3E7000040A3C0FFFF7FA0
:1006B00070B50446206806F0B5F80646206806F0D6
:1006C000B6F898B396BB2068806800F00D0001284A
:1006D0000AD1206881681A4A1140891C816000BFD4
:1006E00003202168086009E0E06D40F01000E0653B
:1006F000206E40F001002066012070BD02F07CFAFF
:10070000054614E002F078FA401B02280FD9206851
:10071000806800F0010050B1E06D40F01000E0652D
:10072000206E40F0010020660120E6E705E0206829
:10073000806800F001000028E4D10020DDE700001F
:10074000C0FFFF7F38B5044600200090206806F007
:100750006EF800284FD1206880682849084048B1C9
:10076000E06D40F01000E065206E40F00100206672
:10077000012038BD206806F01DF800BF20488068C1
:1007800000F0E07000F4000080B11E4800681E49CF
:10079000B0FBF1F0401C00EB40008000009002E054
:1007A0000098401E009000980028F9D102F024FA29
:1007B00005461AE0206806F03AF810B9206805F0FE
:1007C000F9FF02F019FA401B02280ED920680068D0
:1007D00000F0010048B9E06D40F01000E065206EC7
:1007E00040F0010020660120C3E72068006800F0A7
:1007F00001000028DED00020BBE700003F000080A1
:100800000003005010000020400D03000148008844
:1008100070470000160000201CB5084802F0DAFA04
:10082000202809D10220064901230C22CDE900101D
:100830006C21024802F062FB1CBD00008801002010
:100840001400002000BFFEE710B5024801F0A8FE2A
:1008500010BD0000DC01002010B5024801F0A0FE30
:1008600010BD00002801002010B5024801F098FEDC
:1008700010BD00003C02002010B5024801F090FEBF
:1008800010BD0000C803002010B5024801F088FE2A
:1008900010BD00002804002030B5114D0468AC42A2
:1008A00006D210490478083C1425B4FBF5F207E0A1
:1008B0000C4920310478083C1425B4FBF5F4A21D42
:1008C0000B46446CA40803EB84048464054C803418
:1008D000C46402F01F050124AC40046530BD000073
:1008E0000804024000080240027902F07F014A1E1B
:1008F000064B03EB82024265044A403282654A1E7F
:1009000002F01F0301229A40C265704700090240AD
:1009100030B5D0E913546C60446D14B1D0E916546D
:100920006C6090F8444004F01F050124AC40056C55
:100930006C60046863608468102C04D10468A26051
:100940000468E16003E00468A1600468E26030BD0F
:10095000704772B600BFFEE7F8B504460D460020AA
:10096000009000BF94F85800012801D10220F8BD82
:10097000012084F8580000BF2046FFF799FE064684
:100980008EBBE06D20F4885040F00200E0652068E6
:1009900081681B4A114005F0804242F00042114339
:1009A000816000BF13E00098401C0090154900983A
:1009B00088420CD3E06D20F0020040F01000E065AA
:1009C00000BF002084F8580000BF0120CFE7206856
:1009D0008168C90F0029E6D1E06D20F0020040F0E7
:1009E0000100E06504E0FFE7E06D40F01000E06525
:1009F00000BF002084F8580000BF3046B7E7000071
:100A0000C0FFFF3F02DE0400704700002DE9FC5FDD
:100A100005460C460020019000900027686900B14F
:100A200000BFFE49E068884200D000E000BF00BF80
:100A300095F85800012802D10220BDE8FC9F012052
:100A400085F8580000BF686910B1206A01281ED1DE
:100A5000606809284ED1A06A60B194F8280000F0BF
:100A60007C002168C1F3846140EA4120E16A40EAE8
:100A7000010703E02068C0F3846047022868C06C67
:100A8000E749084038432968C8646F6632E0A86EB9
:100A900090B9216AA96600206866A06A50B1206AF0
:100AA000401E94F8281001F07C010843E16A40EAF6
:100AB000010701E0206A471E207900F01F01002095
:100AC000884087432068C0F38460217901F01F01CA
:100AD00088400743A86E401EA866686E3843686663
:100AE000A86E38B92868C06CCD490840696E0843C3
:100AF0002968C864286805F086FED8B994F82500EE
:100B000070B994F82600400594F8241040EA01508A
:100B10002968C96821F4401108432968C86009E0C0
:100B20002868C06820F4401094F8261040EA41502C
:100B30002968C860286805F08EFE8246286805F09E
:100B400062FE8146BAF1000F7ED1B9F1000FFBD1F0
:100B5000A06A08B1E06A88B994F82500012806D196
:100B60002868C06840F000702968C86017E02868ED
:100B7000C06820F000702968C86010E094F8250073
:100B8000012806D1E86D40F02000E86501200190C1
:100B900005E02868C06820F000702968C86094F8F3
:100BA000300001280CD1606B40F00200A16B0843BB
:100BB0002968096921F4FF7108432968086105E083
:100BC0002868006920F0020029680861A068B0F177
:100BD000004F0AD121680022286805F067FE4FF017
:100BE0000041286805F09EFE08E0A2682168286898
:100BF00005F05CFE0021286805F094FE6069296814
:100C0000C968C1F3C101490000FA01F8206904284C
:100C100040D028682268216900F1600C0CEB810348
:100C2000D3F800C0DFF8FCB10CEA0B0C02F0F84B73
:100C30004BF0004B4BEA080B4CEA0B0CC3F800C01E
:100C400000BF2868A26900E0CCE0216900F1600CD7
:100C50000CEB8103D3F800C02CF0807C4CEA020C32
:100C6000C3F800C000BF2868227F2169012A01D192
:100C7000520600E00022134600F1600C0CEB8102EA
:100C8000D2F800C02CF0007C4CEA030CC2F800C083
:100C900000BFA7E00021286805F0A2FDC0F3120004
:100CA00030B90021286805F09BFDC0F3846007E09F
:100CB0000021286805F094FD90FAA0F0B0FA80F0C9
:100CC0002168C1F3120119B92168C1F3846104E0FC
:100CD000216891FAA1F1B1FA81F1884204D1002290
:100CE0001146286805F00DFE0121286805F078FD01
:100CF000C0F3120030B90121286805F071FDC0F37E
:100D0000846007E00121286805F06AFD90FAA0F0F0
:100D1000B0FA80F02168C1F3120119B92168C1F35A
:100D2000846104E0216891FAA1F1B1FA81F188426D
:100D300004D100220121286805F0E3FD0221286882
:100D400005F04EFDC0F3120030B90221286805F00D
:100D500047FDC0F3846007E00221286805F040FDEC
:100D600090FAA0F0B0FA80F02168C1F3120119B92D
:100D70002168C1F3846104E0216891FAA1F1B1FA1C
:100D800081F1884204D100220221286805F0B9FDD2
:100D90000321286805F024FDC0F3120030B90321B7
:100DA000286805F01DFDC0F3846007E00321286872
:100DB00005F016FD90FAA0F0B0FA80F02168C1F3BA
:100DC000120119B92168C1F3846104E0216891FA24
:100DD000A1F1B1FA81F1884204D1002203212868EF
:100DE00005F08FFD286805F027FD002873D12868DD
:100DF000E2682168D0F8B030C1F3120C23EA0C038A
:100E000002F0180BDFF820C02CFA0BFC0CEA010CE6
:100E100043EA0C03C0F8B03000BF07E000007F4099
:100E20000040100400F0FF03FFFF07007849E0686E
:100E3000884250D12368C3F312031BB92368C3F35C
:100E4000846304E0236893FAA3F3B3FA83F35B1C8F
:100E500003F01F03092B3FD82368C3F312031BB908
:100E60002368C3F3846304E0236893FAA3F3B3FA1B
:100E700083F35B1C03F01F034FF0010C0CFA03FC1F
:100E80002368C3F312031BB92368C3F3846304E02C
:100E9000236893FAA3F3B3FA83F35B1C03F01F03F5
:100EA0004CEA836C2368C3F312031BB92368C3F3B2
:100EB000846304E0236893FAA3F3B3FA83F35B1C1F
:100EC00003F01F0303EB43034FF0000B4BEA035304
:100ED0004CEA03033FE043E02368C3F312031BB96A
:100EE0002368C3F3846304E0236893FAA3F3B3FA9B
:100EF00083F35B1C03F01F034FF0010C0CFA03FC9F
:100F00002368C3F312031BB92368C3F3846304E0AB
:100F1000236893FAA3F3B3FA83F35B1C03F01F0374
:100F20004CEA836C2368C3F312031BB92368C3F331
:100F3000846304E0236893FAA3F3B3FA83F35B1C9E
:100F400003F01F030A3B03EB43034FF0007B4BEA24
:100F500003534CEA03031946A268286805F0A6FC6F
:100F60002C492068084050B300BF2B48806800F02F
:100F7000E07600BF29492068884203D028492068CC
:100F800088421DD106F40000D0B92868B0F1A04F06
:100F900037D146F40001204805F0A2FC2148006842
:100FA0002149B0FBF1F0801C00EB40008000009074
:100FB00002E00098401E009000980028F9D120E03F
:100FC0001A49206888420CD106F0807048B9184947
:100FD0002868884215D046F080710F4805F080FCE3
:100FE0000FE01449206888420BD106F4800040B914
:100FF0000F492868884204D046F48001064805F06D
:101000006FFC00BF002085F8580000BF019814E570
:1010100000007F400000088000030050000021C352
:101020001000C09010000020400D0300000052C7C7
:1010300000010050000084CB70B506462C48864263
:1010400000D070BD09212A4800F05CF884B240F25B
:101050000F11274800F056F885B22648007888B965
:1010600000EE104AB8EE400A234880ED000A00EE78
:10107000105AB8EE400A214880ED000A01201D49AF
:10108000087021E000EE104AB8EE400A1A48D0ED90
:10109000000A70EE600A90ED000A9FED191A01EE49
:1010A000200A80ED000A00EE105AB8EE400A1348FC
:1010B000D0ED000A70EE600A90ED000A9FED101A64
:1010C00001EE200A80ED000A0C4A92ED000ABCEE07
:1010D000C00A10EE102A91B2074A92ED000ABCEE47
:1010E000C00A10EE102A90B206F03AF800BFA8E746
:1010F00050000020240000201C00002020000020C0
:101100009A99993E0246092915D0A1F20F136BB1A5
:10111000B3F5837F06D0B3F5037F0BD11368D3F803
:101120008C000CE01368D3F8880008E01368D3F84B
:10113000840004E000BF1368D3F8800000BF00BF44
:10114000704700002DE9F84F04460F4600BF4B489A
:10115000806800F01F008146A069082801D1402660
:1011600000E0202601F048FD804618E0781CB0B170
:1011700001F042FDA0EB0800B84200D87FB920681A
:101180000068304058B9E06D40F00400E06500BFF1
:10119000002084F8580000BF0320BDE8F88F2068C5
:1011A000006830400028E1D02068C16C01F4C071B3
:1011B00009B9012100E000218A4600BF2068C1680A
:1011C00001F4406109B9012100E000218B4600BF14
:1011D0002B492068884202D14FF0A04000E02068EF
:1011E0002168884208D0B9F1000F05D0B9F1060F87
:1011F00002D0B9F1070F02D12068C5680AE0204982
:101200002068884202D14FF0A04000E020680090A2
:101210000098C568E06D40F40050E065BAF1000F39
:1012200008D105F00070D0B9BBF1000F17D005F45C
:101230000050A0B92068006800F0400040280ED19E
:1012400005F4001058B9E06D20F48050E065E06DC1
:1012500000F4807018B9E06D40F00100E065402EA8
:1012600006D105F4804030B960202168086002E0B2
:1012700020202168086000208FE700000003005054
:1012800000010050704700002DE9F041044600BF06
:101290003D48806800F01F000546206805F0B3FA5D
:1012A00010B10220BDE8F0812068C06800F000475E
:1012B0002068C06C00F4C07030B92FB9E06D40F008
:1012C0002000E0650120EDE700BF94F858000128F8
:1012D00001D10220E6E7012084F8580000BF204633
:1012E000FFF730FA0646002E46D1E06D00F480701C
:1012F00020B1206E20F00800206601E0002020666A
:10130000E06D42F20101884340F48050E0651F49DE
:101310002068884202D14FF0A04000E02068216898
:10132000884200D01DB9E06D20F48010E065602097
:101330002168086000BF002084F8580000BF1349EE
:101340002068884202D14FF0A04000E02068216868
:10135000884204D01DB1062D01D0072D07D1206889
:1013600005F047FA68B9206805F052FA09E0E06D27
:1013700040F48010E06504E000BF002084F85800CD
:1013800000BF30468EE7000000030050000100500F
:101390002DE9F041044600BF5248806800F01F006C
:1013A0000546206805F02FFA10B10220BDE8F08153
:1013B0002068C06800F000472068C06C00F4C0706E
:1013C00030B92FB9E06D40F02000E0650120EDE775
:1013D00000BF94F85800012801D10220E6E701205F
:1013E00084F8580000BF2046FFF7ACF90646002EEF
:1013F00070D1E06D00F4807020B1206E20F0080004
:10140000206601E000202066E06D42F20101884381
:1014100040F48050E06534492068884202D14FF0A2
:10142000A04000E020682168884200D01DB9E06D2E
:1014300020F48010E06560202168086000BF002073
:1014400084F8580000BF2068C06800F4001028B17C
:101450002068406840F4806021684860A0690828DE
:101460000CD12068406820F0200021684860206886
:10147000406840F04000216848600CE02068406807
:1014800020F04000216848602068406840F020005B
:101490002168486000BF00BF13492068884202D11C
:1014A0004FF0A04000E020682168884204D01DB1C0
:1014B000062D01D0072D07D1206805F09AF970B9E3
:1014C000206805F0A5F90AE0E06D40F48010E065C1
:1014D00005E0FFE700BF002084F8580000BF304659
:1014E00064E70000000300500001005070B504469E
:1014F00000BF94F85800012801D1022070BD0120DE
:1015000084F8580000BF02212046FFF743F8054643
:101510009DB9206805F09FF958B92046FFF7C8F833
:10152000054655B9E06D20F4885040F00100E065B3
:1015300003E0E06D20F48050E06500BF002084F8F7
:10154000580000BF2846D9E7704770472DE9F0439F
:101550009BB004460E464FF00008306800B100BF53
:1015600000BF94F85800012803D102201BB0BDE849
:10157000F083012084F8580000BF002017901890D5
:101580002068B0F1A04F02D13148009001E0002066
:101590000090009850B9E06D40F02000E06500BF79
:1015A000002084F8580000BF0120DFE7009805F014
:1015B00052F90746206805F04EF9D8BBD7BB254D38
:1015C000306800B394F83800716841EA4030A96887
:1015D00021F460410843A8604FF0A04005F02CF9C9
:1015E00081461B4805F028F949EA0009B9F1000FC6
:1015F00027D1B16830680843A96840F61F7291434B
:101600000843A8601DE0A86820F46040A8604FF07F
:10161000A04005F011F981460D4805F00DF949EAA1
:101620000009B9F1000F0CD1A86840F61F7188437A
:10163000A86006E0FFE7E06D40F02000E0654FF0B5
:10164000010800BF002084F8580000BF40468DE725
:1016500000010050000300502DE9F84F05460C46EC
:101660004FF0000A00200090FE49E068884200D058
:1016700000E000BF00BF95F85800012802D1022009
:10168000BDE8F88F012085F8580000BF286805F0F4
:10169000DDF800287DD12968D4E9002001F1300C63
:1016A000C0F3012B0CEB8B03D3F800C000F01F0E2E
:1016B0004FF01F0B0BFA0EFB2CEA0B0C00F01F0B6C
:1016C000C2F3846E0EFA0BFE4CEA0E0CC3F800C097
:1016D00000BF286805F0BAF88146286805F08EF842
:1016E0008046B9F1000F64D1B8F1000FFBD1A068BA
:1016F000B0F1004F0AD121680022286805F0C2F835
:101700004FF00041286805F007F908E0A268216859
:10171000286805F0B7F80021286805F0FDF8606931
:101720002968C968C1F3C101490000FA01F72069BD
:1017300004283FD028682268216900F1600C0CEB76
:101740008103D3F800C0DFF820B30CEA0B0C02F0E1
:10175000F84B4BF0004B4BEA070B4CEA0B0CC3F871
:1017600000C000BF2868A269216900F1600C0CEB81
:101770008103D3F800C02CF0807C4CEA020CC3F843
:1017800000C000BF2868227F2169012A02D15206C9
:1017900001E0C6E10022134600F1600C0CEB81026F
:1017A000D2F800C02CF0007C4CEA030CC2F800C058
:1017B00000BFA7E00021286805F009F8C0F3120077
:1017C00030B90021286805F002F8C0F3846007E012
:1017D0000021286804F0FBFF90FAA0F0B0FA80F036
:1017E0002168C1F3120119B92168C1F3846104E0D1
:1017F000216891FAA1F1B1FA81F1884204D1002265
:101800001146286805F072F80121286804F0DFFF0E
:10181000C0F3120030B90121286804F0D8FFC0F3EA
:10182000846007E00121286804F0D1FF90FAA0F05D
:10183000B0FA80F02168C1F3120119B92168C1F32F
:10184000846104E0216891FAA1F1B1FA81F1884242
:1018500004D100220121286805F048F802212868F7
:1018600004F0B5FFC0F3120030B90221286804F07B
:10187000AEFFC0F3846007E00221286804F0A7FFF0
:1018800090FAA0F0B0FA80F02168C1F3120119B902
:101890002168C1F3846104E0216891FAA1F1B1FAF1
:1018A00081F1884204D100220221286805F01EF847
:1018B0000321286804F08BFFC0F3120030B9032124
:1018C000286804F084FFC0F3846007E003212868DF
:1018D00004F07DFF90FAA0F0B0FA80F02168C1F327
:1018E000120119B92168C1F3846104E0216891FAF9
:1018F000A1F1B1FA81F1884204D1002203212868C4
:1019000004F0F4FF286804F092FF002872D12868E0
:10191000E2682168D0F8B030C1F3120C23EA0C035E
:1019200002F0180BDFF844C12CFA0BFC0CEA010C96
:1019300043EA0C03C0F8B03000BF4A49E06888426F
:1019400058D12368C3F312031BB92368C3F384631C
:1019500004E0236893FAA3F3B3FA83F35B1C03F068
:101960001F03092B3ED82368C3F312031BB9236856
:10197000C3F3846304E0236893FAA3F3B3FA83F315
:101980005B1C03F01F034FF0010C0CFA03FC2368EF
:10199000C3F312031BB92368C3F3846304E0236811
:1019A00093FAA3F3B3FA83F35B1C03F01F034CEA2F
:1019B000836C2368C3F312031BB92368C3F38463E6
:1019C00004E0236893FAA3F3B3FA83F35B1C03F0F8
:1019D0001F0303EB43034FF0000B4BEA03534CEAA6
:1019E000030347E02368C3F3120323B92368C3F357
:1019F000846305E043E0236893FAA3F3B3FA83F327
:101A00005B1C03F01F034FF0010C0CFA03FC23686E
:101A1000C3F312031BB92368C3F3846304E0236890
:101A200093FAA3F3B3FA83F35B1C03F01F034CEAAE
:101A3000836C2368C3F312031BB92368C3F3846365
:101A400004E0236893FAA3F3B3FA83F35B1C03F077
:101A50001F030A3B03EB43034FF0007B4BEA0353A6
:101A600006E0000000007F4000F0FF03FFFF0700DA
:101A70004CEA03031946A268286804F003FF2F49C3
:101A80002068084050B300BF2D48806800F0E07621
:101A900000BF2C492068884203D02B492068884227
:101AA0001DD106F40000D0B92868B0F1A04F3ED196
:101AB00046F40001224804F00DFF24480068244940
:101AC000B0FBF1F0401C00EB40008000009002E011
:101AD0000098401E009000980028F9D127E01D4989
:101AE000206888420CD106F0807048B91A492868ED
:101AF00088421CD046F08071114804F0EBFE16E0DD
:101B000016492068884212D106F4800078B912493B
:101B1000286888420BD046F48001094804F0DAFEB8
:101B200005E0E86D40F02000E8654FF0010A00BFD5
:101B3000002085F8580000BF5046A1E5000008804D
:101B400000030050000021C31000C09010000020CE
:101B5000400D0300000052C700010050000084CB7C
:101B6000704770472DE9F84F044600200090206828
:101B7000056820684668C54804F024FE074605F05D
:101B80000200022811D106F0020002280DD1E06DFA
:101B900000F0100018B9E06D40F40060E0652046E8
:101BA000FEF732FF02202168086005F004000428D7
:101BB00003D106F00400042807D005F00800082827
:101BC0005FD106F0080008285BD1E06D00F010003E
:101BD00018B9E06D40F40070E065206804F040FE44
:101BE000002848D0AA492068884202D14FF0A0407E
:101BF00000E020682168884204D01FB1052F01D081
:101C0000092F03D12068D0F80C800AE0A049206891
:101C1000884202D14FF0A04000E020688346DBF804
:101C20000C8008F40050B0F5005F24D020680068F4
:101C300000F0080008281ED1206804F007FE90B9C3
:101C40002068406820F00C0021684860E06D20F4B6
:101C50008070E065E06D00F4805060B9E06D40F0A8
:101C60000100E06507E0E06D40F01000E065206EE7
:101C700040F0010020662046FFF772FF0C2021682B
:101C8000086005F02000202803D106F0200020285D
:101C900007D005F04000402872D106F040004028EF
:101CA0006ED1E06D00F0100018B9E06D40F4005006
:101CB000E0652068C16C01F4C07109B9012100E040
:101CC00000218A4600BF206804F0CAFD81467049A1
:101CD0002068884202D14FF0A04000E020682168CF
:101CE000884204D01FB1062F01D0072F03D12068EE
:101CF000D0F80C800AE066492068884202D14FF093
:101D0000A04000E020688346DBF80C80BAF1000FA9
:101D100030D008F0007028B1B9F1000F2AD008F4D3
:101D2000005038BB2068006800F04000402821D1F6
:101D300008F40010F0B9206804F060FD90B9206844
:101D4000406820F0600021684860E06D20F4805019
:101D5000E065E06D00F4807060B9E06D40F0010076
:101D6000E06507E0E06D40F01000E065206E40F0B7
:101D7000010020662046FFF75FF9602021680860B7
:101D800005F0800080280DD106F08000802809D160
:101D9000E06D40F48030E065204600F0A9F9802035
:101DA0002168086005F48070B0F5807F0FD106F4DB
:101DB0008070B0F5807F0AD1E06D40F40030E065BE
:101DC0002046FFF7C1FB4FF480702168086005F4DE
:101DD0000070B0F5007F0FD106F40070B0F5007F01
:101DE0000AD1E06D40F48020E0652046FFF7ADFBAE
:101DF0004FF400702168086005F0100010282AD107
:101E000006F01000102826D1E06B10B901200090D8
:101E100010E047B100BF1D48806800F4604048B141
:101E20000120009006E02068C06800F0010008B1C1
:101E300001200090009801280AD1E06D40F48060F4
:101E4000E065206E40F0020020662046FFF789FE24
:101E500010202168086005F48060B0F5806F13D110
:101E600006F48060B0F5806F0ED1E06D40F48040E4
:101E7000E065206E40F0080020664FF48060216825
:101E800008602046FFF7FEF9BDE8F88F0003005018
:101E9000000100502DE9F84304464FF000080020EF
:101EA000009014B90120BDE8F883606920B194F86E
:101EB0002400012800D100BFE06D30B9204600F0B9
:101EC00019F90020206684F8580020688168C1F361
:101ED000407131B1206881687E4A1140816000BF45
:101EE00000BF206804F0ADFCB0B9206881687A4A70
:101EF000114041F08051816000BF78480068784906
:101F0000B0FBF1F0401C4000009002E00098401E41
:101F1000009000980028F9D1206804F092FC48B99C
:101F2000E06D40F01000E065206E40F0010020669A
:101F30004FF00108206804F089FC0646E06D00F0CF
:101F40001000002877D1002EFCD1E06D20F48070C5
:101F500040F00200E065206804F069FCB0B94FF081
:101F6000A04004F064FC81465E4804F060FC49EA4D
:101F70000009B9F1000F09D160685B49896821F453
:101F80007C110143584A916000BF00BF607FE16B44
:101F900041EA4030E1680843A168084394F82410FE
:101FA00040EA014594F82400012803D1208D401E09
:101FB00045EA4045E06A28B1A08D00F47870216BB5
:101FC000084305432068C068484908402843216801
:101FD000C8602068006920F04060616B0843216898
:101FE0000861206804F00AFC0746002E50D1EFBBC0
:101FF000207F002141EA803194F8380041EA400511
:102000002068C06844F20201884328432168C86000
:10201000206988B12068006940F480302168086137
:102020002068D0F8C0006FF30D00216908432168D3
:10203000C1F8C0000EE045E02068006920F480305F
:10204000216808612068D0F8C0006FF30D00216896
:10205000C1F8C00094F84000012813D1606C40F032
:102060000101A06C0843E16C084300E010E0216D21
:1020700008432168096940F2FC72914308432168D2
:10208000086105E02068006920F00100216808610E
:102090006069012809D12068006B20F00F00216AD7
:1020A000491E08432168086305E02068006B20F0A2
:1020B0000F0021680863E06D20F0020040F001008D
:1020C000E06505E0E06D40F01000E0654FF00108CC
:1020D0004046E8E6C0FFFF5FC0FFFF7F1000002022
:1020E000400D030000010050000300500740F0FFC6
:1020F0007047000010B598B00446142113A8FEF7ED
:10210000C9F9442102A8FEF7C5F92068B0F1A04F33
:1021100043D14FF4004002908003119002A801F0D7
:1021200003FA08B1FEF715FC59480068401C5849ED
:1021300008600846006801280DD100BF5548C06CF2
:1021400040F400505349C8640846C06C00F4005085
:10215000019000BF00BF00BF4E48C06C40F00100BE
:102160004C49C8640846C06C00F00100019000BFF3
:1021700000BF07201390032014900020159013A98E
:102180004FF0904000F03AFC00221146122001F07E
:10219000E3F8122001F0CCF878E03F49206888424B
:1021A00074D1C00102908003119002A801F0BCF923
:1021B00008B1FEF7CEFB36480068401C3449086081
:1021C0000846006801280DD100BF3248C06C40F4B9
:1021D00000503049C8640846C06C00F400500190BB
:1021E00000BF00BF00BF2B48C06C40F0040029496D
:1021F000C8640846C06C00F00400019000BF00BF36
:1022000000BF0846C06C40F00200C8640846C06CBD
:1022100000F00200019000BF00BF102013900320C7
:1022200014900020159013A91C4800F0E7FB04202F
:102230001390032014900020159013A9184800F063
:10224000DDFB184818490860242048600021164822
:102250008160C16080210161490041618900816123
:102260002021C1610021016200F01AFA08B1FEF7D5
:1022700070FB00BF0C486065846200BF00221146FD
:10228000122001F069F8122001F052F818B010BDC8
:10229000000000200010024000010050000800482B
:1022A000000400481C000240280100202DE9F041F4
:1022B0000446434804F086FA0646206804F0C6FA4D
:1022C00000287AD100BF94F85800012802D10220DA
:1022D000BDE8F081012084F8580000BF2046FEF7D9
:1022E00031FA0546002D63D1E06D40F60161884367
:1022F00040F48070E06533492068884202D14FF095
:10230000A04000E020682168884200D01EB9E06D3E
:1023100020F48010E065E06D00F48050B0F5805F3F
:1023200004D1206E20F00600206601E00020206627
:102330001C202168086000BF002084F8580000BFFE
:1023400020492068884202D14FF0A04000E0206878
:102350002168884204D01EB1052E01D0092E0ED16D
:102360002068C06800F0007028B1E06D20F40050D3
:1023700040F48050E065206804F07CFA1EE0E06DD7
:1023800040F48010E0650F492068884202D14FF088
:10239000A04000E020680746F86800F0007068B1CF
:1023A000E06D20F4005040F48050E06506E004E069
:1023B00000BF002084F8580000E00225284687E787
:1023C00000030050000100500146002209B901201D
:1023D000704791F82500022803D00420C863012229
:1023E00027E00868006820F001000B6818600868A2
:1023F000006820F00E000B681860886C006820F4FC
:1024000080708B6C186091F8440000F01F0301206D
:1024100098400B6C5860D1E913305860486D40B15A
:10242000486D006820F480704B6D1860D1E916305B
:102430005860012081F8250000BF002081F82400A9
:1024400000BF1046C4E770B50446002594F8250087
:1024500002280BD00420E063012084F8250000BF8F
:10246000002084F8240000BF012534E020680068C3
:1024700020F00100216808602068006820F00E004C
:1024800021680860A06C006820F48070A16C08606E
:1024900094F8440000F01F0101208840216C48603E
:1024A000D4E913104860606D40B1606D006820F49D
:1024B0008070616D0860D4E916104860012084F8CE
:1024C000250000BF002084F8240000BFA06B10B1DD
:1024D0002046A16B8847284670BD000010B5044611
:1024E0000CB9012010BD2068006820F001002168AF
:1024F00008602749206888420BD226492068401A84
:102500001421B0FBF1F08000606422480838206498
:102510000AE01F492068401A1421B0FBF1F0800046
:1025200060641B480838206400202168086094F823
:10253000440000F01F0101208840216C48602046C3
:10254000FEF7AAF90020A16C0860D4E913104860D6
:10255000606858B16068042808D82046FEF7C4F9BE
:102560000020616D0860D4E91610486000206065A5
:10257000A065E065E06220636063A063E06384F8C7
:10258000250000BF84F8240000BF00BFAAE70000B8
:102590000804024008000240014691F825007047F7
:1025A00070B50446206C05682068066894F84400FD
:1025B00000F01F01042088402840E0B106F004002C
:1025C000C8B12068006800F0200028B920680068C1
:1025D00020F004002168086094F8440000F01F0116
:1025E00004208840216C4860206B002856D020468B
:1025F000216B884752E094F8440000F01F0102204C
:102600008840284018B306F0020000B32068006834
:1026100000F0200040B92068006820F00A0021681E
:102620000860012084F8250094F8440000F01F01A0
:1026300002208840216C486000BF002084F82400FC
:1026400000BFE06A50B32046E16A884726E094F86C
:10265000440000F01F01082088402840F0B106F037
:102660000800D8B12068006820F00E0021680860DA
:1026700094F8440000F01F0101208840216C48605C
:102680000120E06384F8250000BF002084F82400C6
:1026900000BF606B10B12046616B884770BD0000C1
:1026A00070B504460CB9012070BD304920688842DD
:1026B0000BD22F492068401A1421B0FBF1F08000A2
:1026C00060642B48083820640AE028492068401AD2
:1026D0001421B0FBF1F080006064244808382064C5
:1026E000022084F825002068056847F6F0708543CD
:1026F000D4E9020108432169084361690843A169DB
:102700000843E1690843216A0843054320680560DE
:102710002046FEF7C1F8A068B0F5804F01D1002037
:102720006060207900F07F00A16C0860D4E913108C
:102730004860606860B16068042809D82046FEF7E8
:10274000D3F80020616D0860D4E91610486003E0FA
:1027500000206065A065E0650020E063012084F84A
:102760002500002084F8240000BF9DE708040240F3
:10277000080002402DE9F04104460D4616461F466A
:102780004FF0000800BF94F82400012802D1022075
:10279000BDE8F081012084F8240000BF94F82500F2
:1027A000012817D1022084F825000020E06320686A
:1027B000006820F00100216808603B463246294647
:1027C0002046FEF7A5F82068006840F00100216867
:1027D000086006E000BF002084F8240000BF4FF02E
:1027E00002084046D4E72DE9F04104460D4616465E
:1027F0001F464FF0000800BF94F82400012802D1C2
:102800000220BDE8F081012084F8240000BF94F884
:10281000250001283FD1022084F825000020E06334
:102820002068006820F00100216808603B463246BD
:1028300029462046FEF76CF8206B30B1206800680E
:1028400040F00E00216808600BE02068006820F06E
:102850000400216808602068006840F00A002168D0
:102860000860A06C006800F4803028B1A06C00689B
:1028700040F48070A16C0860606D28B1606D0068E4
:1028800040F48070616D08602068006840F00100CD
:102890002168086006E000BF002084F8240000BF23
:1028A0004FF002084046ACE770B5044600F0A4F9CA
:1028B00006462546681C10B104480068054400BF60
:1028C00000F09AF9801BA842FAD370BD0C000020DA
:1028D000F0B50B4600217DE001258D4005EA03029D
:1028E000002A76D03E4D8E0855F826408D072E0FD3
:1028F0000F25B5402C40B0F1904F01D1002519E0D3
:10290000384DA84201D1012514E0374DA84201D12C
:1029100002250FE0354DA84201D103250AE0344DD0
:10292000A84201D1042505E0324DA84201D1052578
:1029300000E006258E07360FB540A54223D12E4D67
:102940002D6895432C4E3560351D2D689543361DF9
:102950003560294D0C352D689543274E0C36356072
:10296000351F2D689543361F35608D072E0F0F25B7
:1029700005FA06F41A4D8E0855F82650A543184E50
:102980008F0846F8275005684F000326BE403543A0
:102990000560CE0800F1200555F826504E07F70EC9
:1029A0000F26BE40B543CF0800F1200646F8275059
:1029B000C5684F000326BE40B543C5604568012683
:1029C0008E40B543456085684F000326BE40B54341
:1029D0008560491C23FA01F5002D7FF47DAFF0BD21
:1029E000080001400004004800080048000C0048AE
:1029F00000100048001400480004014078B5034668
:102A00000022D2E0012696400D6805EA0604002C5B
:102A10007BD00D7905F00305012D04D00D7905F06B
:102A20000305022D13D1986856000325B540A8432D
:102A30005600CD68B54028439860586801259540F8
:102A4000A8430D79C5F300159540284358600D79CA
:102A500005F00305032D07D10D7905F00305032DBE
:102A60000CD18D68012D09D0D86856000325B540DA
:102A7000A84356008D68B5402843D8600D7905F00D
:102A80000305022D13D1D60803F1200555F82600C1
:102A90005507EE0E0F25B540A8435607F60E0D69F3
:102AA000B5402843D60803F1200545F826001868EC
:102AB00056000325B540A8430D7905F003055600DF
:102AC000B540284318604D6805F44035002D6BD0A3
:102AD00000BF394D2D6E45F00105374E3566354640
:102AE0002D6E05F00105009500BF00BF4FEAB63519
:102AF000960855F8260095072E0F0F25B540A843D8
:102B0000B3F1904F02D100251AE04DE02B4DAB42BE
:102B100001D1012514E02A4DAB4201D102250FE07D
:102B2000284DAB4201D103250AE0274DAB4201D12C
:102B3000042505E0254DAB4201D1052500E0062521
:102B40009607360FB5402843214D960845F82600D4
:102B5000204D2868A0434D6805F4801505B1204339
:102B60001C4D28602D1D2868A0434D6805F40015F4
:102B700005B12043174D2D1D2860164D2D1F2868C7
:102B8000A0434D6805F4003505B12043114D2D1FBC
:102B900028602D1F2868A0434D6805F4803505B1D5
:102BA00020430C4D083D2860521C0D68D540002D77
:102BB0007FF428AF78BD00000010024000040048F8
:102BC00000080048000C00480010004800140048AD
:102BD000080001400804014010B5426921EA0203DF
:102BE00002EA010443EA0443836110BD0AB1816132
:102BF00000E08162704700000148006870470000F3
:102C000004000020024692F8410020282DD100BF88
:102C100092F84000012801D102207047012082F87B
:102C2000400000BF242082F841001068006820F0B6
:102C30000100136818601068006820F48050136861
:102C4000186010680068084313681860106800680E
:102C500040F0010013681860202082F8410000BF96
:102C6000002082F8400000BFD7E70220D5E710B56A
:102C700002460B4692F8410020282AD100BF92F864
:102C80004000012801D1022010BD012082F840003F
:102C900000BF242082F841001068006820F0010085
:102CA000146820601068016821F4706141EA032112
:102CB000106801601068006840F00100146820602E
:102CC000202082F8410000BF002082F8400000BFB1
:102CD000DAE70220D8E77047704710B504460CB910
:102CE000012010BD242084F841002068006820F0F5
:102CF000010021680860204600F0AEF90020606401
:102D000084F84100206384F8420000BF84F840004A
:102D100000BF00BFE5E72DE9F04104462068856962
:102D200020680668C5F3002050B1C6F3C01038B162
:102D3000606C40F0010060644FF480702168C861ED
:102D4000C5F3802050B1C6F3C01038B1606C40F0BC
:102D5000080060644FF480602168C861C5F34020BA
:102D600050B1C6F3C01038B1606C40F0020060642E
:102D70004FF400702168C861676C07F00B0018B150
:102D80003946204602F052FDBDE8F08170B5044698
:102D90002068856920680668606B20B13246294644
:102DA0002046636B984770BD10B5044607492068FC
:102DB000884209D10120064908702046FFF78DFF9F
:102DC00003F02EFFFDF728FD10BD00000054004069
:102DD00018000020014691F84100704710B50446E4
:102DE0000CB9012010BD94F8410028B9002084F8E6
:102DF0004000204600F05AF9242084F84100206861
:102E0000006820F0010021680860606820F07060B0
:102E1000216808612068806820F40040216888608B
:102E2000E068012805D1A06840F40040216888606E
:102E300004E0A06840F4044021688860E06802284B
:102E400006D12068406840F400602168486005E0D1
:102E50002068406820F4006021684860206840686D
:102E600013490843216848602068C06820F4004086
:102E70002168C860D4E904010843A16940EA01203F
:102E80002168C860D4E90701084321680860206808
:102E9000006840F001002168086000206064202084
:102EA00084F841000020206384F8420000BF99E7C5
:102EB00000800002704770477047000010B504465C
:102EC0000949206888420ED10848407807490978A6
:102ED00001F00F0140EA0120054908800020054962
:102EE0000870FDF799FC10BD00540040140000204C
:102EF0001600002018000020704700002DE9F84F50
:102F00000446894615461E46DDE90A7A94F84100D2
:102F100020287DD117B1BAF1000F05D14FF4007010
:102F200060640120BDE8F88F20688069C0F3C0307C
:102F300008B10220F6E700BF94F84000012801D153
:102F40000220EFE7012084F8400000BF222084F82F
:102F50004100402084F84200002060646762A4F8C9
:102F60002AA03848E06238486063C4F84C90608D0D
:102F7000FF2802D9FF20208501E0608D2085012EE9
:102F800005D1E8B221688862B01E206505E0C5F36E
:102F9000072021688862E8B22065E06BA0B12B4869
:102FA000E16BC8622A48E16B48630020E16B08636B
:102FB000E16B8863238D226802F124013A46E06BBD
:102FC000FFF711FC804610E0202084F8410000202B
:102FD00084F84200606C40F08000606400BF002014
:102FE00084F8400000BF01209CE7B8F1000F13D126
:102FF0001848F2B2002349460090204603F0CEF96B
:1030000000BF002084F8400000BF0121204600E0FE
:1030100015E002F03BFB10E0202084F84100002086
:1030200084F84200606C40F01000606400BF002033
:1030300084F8400000BF012074E7002072E70220FE
:1030400070E700000000FFFF615F0008975500086F
:103050007B5500080020008010B504461049206808
:1030600088421BD10F48806D20F400100D498865FF
:103070004FF400414FF09040FFF72AFC80210A48AE
:10308000FFF726FCE06BFFF729FAA06BFFF726FAA3
:103090001F2000F02BF9202000F028F910BD0000BF
:1030A00000540040001002400004004810B598B0E1
:1030B0000446142113A8FDF7EDF9442102A8FDF7F9
:1030C000E9F94E49206888427ED1402002900020D4
:1030D000089002A800F028FA08B1FDF73AFC00BFFA
:1030E0004748C06C40F001004549C8640846C06CC0
:1030F00000F00100019000BF00BF00BF0846C06C97
:1031000040F00200C8640846C06C00F00200019064
:1031100000BF00BF4FF40040139012201490002015
:10312000159016900420179013A94FF09040FFF7C8
:1031300065FC8020139012201490002015901690AA
:103140000420179013A92F48FFF758FC00BF2C4804
:10315000806D40F400102A4988650846806D00F4AF
:103160000010019000BF00BF2748284908601020C8
:103170004860002125488160C160802101610021F3
:1031800041618161C1610162FFF78AFA08B1FDF70F
:10319000E0FB00BF1D48E063846200BF1A4828308E
:1031A0001B490860112048601021194881600021E6
:1031B000C16080210161002141618161C1610162C1
:1031C000FFF76EFA18B100E016E0FDF7C2FB00BF92
:1031D0000F48A063846200BF002203211F2000F07B
:1031E000BBF81F2000F0A4F800220321202000F0EB
:1031F000B3F8202000F09CF818B010BD0054004037
:10320000001002400004004808000240DC010020D9
:103210003C02002070477047034800680349096872
:103220000844014908607047040000200C00002099
:1032300010B50024032000F0CDF80F2000F008F8AE
:1032400008B1012401E000F02FF8204610BD000075
:1032500070B50446002511480068D8B10F480068D1
:103260004FF47A71B1FBF0F00D490968B1FBF0F64B
:10327000304600F047FF58B9102C07D200222146F3
:10328000501E00F069F80748046004E0012502E0E0
:10329000012500E00125284670BD00000C0000203B
:1032A000100000200800002008B500BF0E48006E86
:1032B00040F001000C4908660846006E00F001006D
:1032C000009000BF00BF00BF0846806D40F08050F6
:1032D00088650846806D00F08050009000BF00BFF8
:1032E00000F018F908BD00000010024010B50146BA
:1032F0000846002817DB00F01F0301229A400B4B01
:10330000440943F8242000BF00BF00BFBFF34F8F24
:1033100000BF00BF00BF00BF00BF00BFBFF36F8F83
:1033200000BF00BF00BF00BF10BD000080E100E093
:103330000146084600280DDB00BF00BF00F01F0358
:1033400001229A4043099B0003F1E023C3F80021C6
:1033500000BF00BF00BF70472DE9F05F80460D46FB
:10336000164606F061F8074639462A46334601F00C
:103370000700C0F1070ABAF1040F02D94FF0040A9E
:1033800001E0C0F1070AD14600F1040ABAF1070FC3
:1033900002D24FF0000A01E0A0F1030AD4464FF038
:1033A000010A0AFA09FAAAF1010A0AEA020A0AFA61
:1033B0000CFA4FF0010B0BFA0CFBABF1010B0BEA13
:1033C000030B4AEA0B042146404606F035F8BDE8F7
:1033D000F09F000000BF00F00702064B19684FF68F
:1033E000FF031940044B0B4343EA0221014B1960D0
:1033F00000BF70470CED00E00000FA0502468ABBF2
:103400004148006800F4C060B0F5806F2BD13E48A1
:103410008030006820F480703B4BC3F88000184671
:10342000006820F4C06040F40070186037480068FD
:1034300032235843364BB0FBF3F0411C00E0491EE9
:103440003148406900F48060B0F5806F01D10029F7
:10345000F5D12D48406900F48060B0F5806F51D1FE
:103460000320704708E028488030006820F480700E
:10347000254BC3F8800045E0B2F5007F3AD12248E1
:10348000006800F4C060B0F5806F2AD11E4880301B
:10349000006840F480701C4BC3F880001846006838
:1034A00020F4C06040F400701860184800683223AF
:1034B0005843174BB0FBF3F0411C00E0491E124883
:1034C000406900F48060B0F5806F01D10029F5D12A
:1034D0000D48406900F48060B0F5806F12D1032080
:1034E000BFE709488030006840F48070064BC3F89D
:1034F000800007E00448006820F4C06040F4806069
:10350000014B18600020ACE7007000401000002064
:1035100040420F000348806840F4804001498860C1
:1035200070470000007000402DE9F8430446002772
:10353000B846206800F40020B0F5002F73D1B946DA
:10354000D348806D00F0805078B900BFD048806DBE
:1035500040F08050CE4988650846806D00F080506C
:10356000009000BF00BF4FF00109CA48006840F456
:103570008070C8490860FFF73FFB064606E0FFF78A
:103580003BFB801B022801D9032705E0C1480068E6
:1035900000F480700028F2D000BF002F46D1BC4854
:1035A0009030006800F44075CDB1206CA84216D070
:1035B000B7489030006820F44075B548D0F89000C6
:1035C00040F48030B249C1F890000846D0F890002D
:1035D00020F48030C1F890000846C0F8905005F003
:1035E0000100A0B1FFF708FB064608E0FFF704FB67
:1035F000801B41F28831884201D9032706E0A448A4
:103600009030006800F002000028EFD000BF5FB9E2
:103610009F489030006820F44070216C08439C491A
:10362000C1F8900003E00CE0B84600E0B846B9F1FC
:10363000010F05D19648806D20F08050944988652F
:1036400000BF207800F0010048B191488830006840
:1036500020F00300616808438D49C1F88800207894
:1036600000F00200022809D189488830006820F063
:103670000C00A16808438649C1F88800207800F052
:103680000400042809D182488830006820F0300006
:10369000E16808437E49C1F88800207800F00800FE
:1036A000082809D17A488830006820F0C0002169D4
:1036B00008437749C1F88800207800F020002028CE
:1036C00009D173488830006820F44060616908437C
:1036D0006F49C1F88800207800F04000402809D1E7
:1036E0006B488830006820F44050A169084368495D
:1036F000C1F88800207800F08000802809D1644853
:103700008830006820F44040E16908436049C1F80E
:103710008800208800F48070B0F5807F09D15C4873
:103720008830006820F44030216A08435849C1F8C5
:103730008800208800F40070B0F5007F09D154485B
:103740008830006820F44020616A08435049C1F87D
:103750008800208800F48060B0F5806F13D14C4859
:103760008830006820F44010A16A08434849883135
:103770000860A06AB0F5801F05D14548C06840F4D4
:1037800080104349C860208800F40060B0F5006FE5
:1037900013D13F488830006820F44000E16A0843B4
:1037A0003B4988310860E06AB0F5800F05D13848A0
:1037B000C06840F480103649C860208800F480500A
:1037C000B0F5805F13D132488830006820F0407037
:1037D000216B08432E4988310860206BB0F1807F4F
:1037E00005D12B48C06840F480102949C860208862
:1037F00000F40050B0F5005F13D125488830006810
:1038000020F04060616B0843214988310860606B9B
:10381000B0F1006F05D11E48C06840F480101C490B
:10382000C860208800F48040B0F5804F13D118485C
:103830008830006820F04060A16B0843144988314B
:103840000860A06BB0F1006F05D11148C06840F46A
:1038500080100F49C860208800F40040B0F5004F88
:1038600013D10B488830006820F04050E16B0843CA
:10387000074988310860E06BB0F1805F05D10448EA
:10388000C06840F480300249C8604046BDE8F88313
:1038900000100240007000402DE9F04104460D4642
:1038A0004FF0000814B90120BDE8F0817D480068A0
:1038B00000F00F00A8420ED27A48006820F00F00F6
:1038C0002843784908600846006800F00F00A842C5
:1038D00001D00120E8E7207800F00100002864D042
:1038E0006068032823D17048006800F0007008B9B0
:1038F0000120D9E704F00EFB06466C48864237D912
:103900006948806800F0F00030B1207800F00200D3
:1039100002282DD1A06858BB6348806820F0F000D1
:1039200040F08000604988604FF0800820E06068C7
:10393000022806D15C48006800F4003040B901203C
:10394000B2E75948006800F4806008B90120ABE78D
:1039500000F0DEF806465548864209D9524880688C
:1039600020F0F00040F080004F4988604FF0800860
:103970004D48806820F00300616808434A49886028
:10398000FFF73AF9074608E0FFF736F9C01B41F2A6
:103990008831884201D9032086E74348806800F0D7
:1039A0000C006168B0EB810FEED1207800F00200CE
:1039B000022820D1207800F00400042805D13A48DC
:1039C000806840F4E06038498860207800F00800A2
:1039D000082807D13448806820F4605040F4E06043
:1039E000314988603048806820F0F000A1680843C1
:1039F0002D49886008E0B8F1800F05D12A48806819
:103A000020F0F000284988602648006800F00F0088
:103A1000A84219D92348006820F00F002843214903
:103A20000860FFF7E9F8074608E0FFF7E5F8C01B74
:103A300041F28831884201D9032035E719480068EE
:103A400000F00F00A842F0D1207800F00400042814
:103A500007D11548806820F4E060E1680843124906
:103A60008860207800F00800082808D10E48806897
:103A700020F46050216940EAC1000B49886000F0E1
:103A800047F809498968C1F30311094A515C01F0FB
:103A90001F01C8400749086007480068FFF7D8FBC6
:103AA00002E70000002002400010024000B4C404FD
:103AB00058A00008100000200800002001480068FD
:103AC000704700001000002000B5FFF7F7FF054920
:103AD0008968C1F30221044A515C01F01F01C8400A
:103AE00000BD00000010024068A0000800B5FFF70C
:103AF000E5FF05498968C1F3C221044A515C01F020
:103B00001F01C84000BD00000010024068A000086E
:103B100070B5224DAD6805F00C05042D01D120488B
:103B20003AE01E4DAD6805F00C05082D01D11D4889
:103B300032E01A4DAD6805F00C050C2D2BD1174D58
:103B4000ED6805F00304154DED68C5F303156A1C17
:103B5000022C0CD0032C09D1124DB5FBF2F50F4EFF
:103B6000F668C6F3062605FB06F10AE000BF0C4D19
:103B7000B5FBF2F5094EF668C6F3062605FB06F11D
:103B800000BF00BF054DED68C5F341656D1C6B00BE
:103B9000B1FBF3F000E0002070BD00000010024017
:103BA0000024F40000127A002DE9F843044614B909
:103BB0000120BDE8F883207800F00100002865D0DE
:103BC000FC48806800F00C07FA48C06800F0030663
:103BD0000C2F01D1032E01D0082F0AD1F54800681F
:103BE00000F40030002851D0606800284ED1012038
:103BF000DFE700BF6068B0F5803F06D1ED480068A0
:103C000040F48030EB4908601AE06068B0F5A02FFE
:103C10000BD1E848006840F48020E6490860084677
:103C2000006840F4803008600AE0E248006820F450
:103C30008030E04908600846006820F48020086071
:103C400000BF606888B1FEF7D7FF054606E0FEF7C3
:103C5000D3FF401B642801D90320AAE7D548006898
:103C600000F400300028F2D010E0FEF7C5FF054652
:103C700006E0FEF7C1FF401B642801D9032098E746
:103C8000CC48006800F400300028F2D1207800F021
:103C90000200022860D1C748806800F00C07C548C0
:103CA000C06800F003060C2F01D1022E01D0042FB2
:103CB00018D1C048006800F4806018B1E06808B905
:103CC000012076E7BB48406820F0FE40217C40EAB6
:103CD0000160B8494860B8480068FFF7B9FA18B3FE
:103CE000012066E7E06800B3B248006840F48070E5
:103CF000B0490860FEF780FF054606E0FEF77CFF4E
:103D0000401B022801D9032053E7AA48006800F4A9
:103D100080600028F2D0A748406820F0FE40217C57
:103D200040EA0160A349486016E0A248006820F418
:103D30008070A0490860FEF75FFF054606E0FEF7C9
:103D40005BFF401B022801D9032032E79948006835
:103D500000F480600028F2D1207800F008000828E4
:103D600036D16069D0B193489430006840F00100CA
:103D70009049C1F89400FEF73FFF054606E0FEF7C4
:103D80003BFF401B022801D9032012E789489430E9
:103D9000006800F002000028F1D019E08548943056
:103DA000006820F001008349C1F89400FEF724FF69
:103DB000054606E0FEF720FF401B022801D903203C
:103DC000F7E67C489430006800F002000028F1D14A
:103DD000207800F00400042872D14FF000087548E4
:103DE000806D012121EA107078B100BF7148806DAB
:103DF00040F080506F4988650846806D00F0805023
:103E0000009000BF00BF4FF001086C48006800F44C
:103E10008070B0B96948006840F4807067490860F4
:103E2000FEF7EAFE054606E0FEF7E6FE401B022826
:103E300001D90320BDE66148006800F480700028C5
:103E4000F2D000BFA068012808D15A48903000681D
:103E500040F001005749C1F8900021E0A068052812
:103E60000FD154489030006840F004005149C1F827
:103E700090000846D0F8900040F00100C1F8900092
:103E80000EE04C489030006820F001004949C1F82C
:103E900090000846D0F8900020F00400C1F890008F
:103EA00000BFA068A8B1FEF7A7FE054609E0FEF72F
:103EB000A3FE401B41F28831884202D9032078E6F4
:103EC00025E03C489030006800F002000028EED069
:103ED00013E0FEF791FE054608E0FEF78DFE401B5D
:103EE00041F28831884201D9032062E6314890309E
:103EF000006800F002000028EFD1B8F1010F05D1F1
:103F00002C48806D20F080502A49886500BF2078B9
:103F100000F02000202836D1A069D0B12548983083
:103F2000006840F001002349C1F89800FEF764FEE4
:103F3000054606E0FEF760FE401B022801D903207B
:103F400037E61C489830006800F002000028F1D0E5
:103F500019E018489830006820F001001549C1F8B0
:103F60009800FEF749FE054606E0FEF745FE401BB9
:103F7000022801D903201CE60E489830006800F0A2
:103F800002000028F1D1E069002860D0094880686B
:103F900000F00C000C287AD0E069022858D10548BE
:103FA000006820F0807003490860FEF725FE054692
:103FB0000DE00000001002400800002000700040EA
:103FC000FEF71AFE401B022801D90320F1E54A48FA
:103FD000006800F000700028F2D1D4E90810401EFB
:103FE00041EA0011A06A41EA0021208E0122C2EBC1
:103FF000500041EA40513420005DC2EB500041EADC
:1040000040612C20005D41EAC0603B49C9683B4AE1
:10401000114008433849C8600846006840F0807085
:1040200008600846C06840F08070C860FEF7E4FD94
:10403000054606E0FEF7E0FD401B022801D90320FB
:10404000B7E52D48006800F000700028F2D051E07C
:104050002948006820F0807027490860FEF7CCFDF1
:10406000054606E0FEF7C8FD401B022801D90320E3
:104070009FE52148006800F000700028F2D11E483A
:10408000C0681F4908401C49C86033E0FFE7E06989
:10409000012800D18DE51848C66806F00301206AA2
:1040A000814225D106F0F001606A401EB1EB001F8D
:1040B0001ED106F4FE41A06AB1EB002F18D106F024
:1040C00078412C20005DB1EBC06F11D106F4C00126
:1040D000208E0122C2EB5000B1EB405F08D106F008
:1040E000C0613420005DC2EB5000B1EB406F01D0E5
:1040F00001205EE500205CE5001002400C809F017D
:10410000FCFFEEFE70B504462546681EB0F1807FC8
:1041100001D301200FE0681E4FF0E02148610F211C
:104120004FF0FF3005F088F900204FF0E021886162
:1041300007200861002070BD70477047704700007D
:1041400010B50346002200BF93F83C00012801D1BE
:10415000022010BD012083F83C0000BF22F0FF00C8
:10416000CC6840EA040222F440708C6840EA040201
:1041700022F480604C6840EA040222F400600C687B
:1041800040EA040222F480500C6940EA040222F45E
:1041900000504C6940EA040222F480400C6B40EA73
:1041A000040222F470200C8B40EA044222F080507A
:1041B000CC6940EA0402124C1868A04203D0114CAA
:1041C0001868A04213D122F470000C8D40EA04520A
:1041D00022F080700C6A40EA040222F000704C6AFF
:1041E00040EA040222F00050CC6A40EA0402186857
:1041F000426400BF002083F83C0000BF00BFA8E776
:10420000002C0140003401407047704770470000A7
:1042100030B502460B4600BF92F83C00012801D1A0
:10422000022030BD012082F83C0000BF022082F84D
:104230003D0010684168106884681D4D1068A842F0
:1042400003D01C4D1068A84203D121F470015868B6
:104250000143194801401868014310684160144D3A
:104260001068A84213D01068B0F1804F0FD0134DE2
:104270001068A8420BD0124D1068A84207D00D4D0F
:104280001068A84203D00F4D1068A84205D124F051
:1042900080049868044310688460012082F83D001F
:1042A00000BF002082F83C0000BF00BFB9E700005B
:1042B000002C0140003401408FFFFFFD000400404E
:1042C000000800400040014070B504460D4615B995
:1042D00094F844000BE0042D02D14520005D06E077
:1042E000082D02D14620005D01E04720005D012835
:1042F00001D0012070BD1DB9022084F844000EE0F9
:10430000042D03D102214520015508E0082D03D1D9
:1043100002214620015502E00221472001550422D6
:104320002946206804F0B9F82068406C40F4004049
:104330002168486418492068884213D02068B0F189
:10434000804F0FD01549206888420BD0144920684F
:10435000884207D013492068884203D01249206858
:10436000884210D120688068104900EA0106062EB4
:104370000FD0B6F5803F0CD02068006840F00100F7
:104380002168086005E02068006840F001002168AD
:1043900008600020AEE70000002C0140000400404F
:1043A00000080040003401400040014007000100C7
:1043B000704710B504460CB9012010BD94F83D00BB
:1043C00028B9002084F83C00204600F029F802209B
:1043D00084F83D00211D206803F0ECFF012084F8E3
:1043E000480000BF84F83E0001213F2001554020D5
:1043F000015541200155422001554320015500BF80
:1044000000BF012084F84400452001554620015595
:104410004720015500BF012084F83D000020CCE773
:1044200038B504461649206888420DD100BF1548AA
:10443000006E40F40060134908660846006E00F400
:104440000060009000BF19E02068B0F1804F15D1E6
:1044500000BF0C48806D40F001000A49886508469D
:10446000806D00F00100009000BF00BF002202211B
:104470001C20FEF771FF1C20FEF75AFF38BD00001C
:10448000002C014000100240014691F83D00012837
:1044900001D001207047022081F83D000868C06803
:1044A00040F001000B68D860184B0868984213D0A0
:1044B0000868B0F1804F0FD0154B086898420BD0B8
:1044C000144B0868984207D0134B0868984203D0F1
:1044D000124B0868984210D108688068104B00EAB7
:1044E0000302062A0FD0B2F5803F0CD0086800689E
:1044F00040F001000B68186005E00868006840F0B3
:1045000001000B6818600020C4E70000002C014087
:104510000004004000080040003401400040014019
:10452000070001002DE9F04104460D46002700BFB9
:1045300094F83C00012802D10220BDE8F08101205E
:1045400084F83C0000BF022084F83D0020688668A3
:104550003F48064026F47F46206886602868702819
:1045600024D00CDC00F00F01002964D100110728D1
:1045700061D2DFE800F05354555649353F00354AC3
:10458000811A90424FD009DCB0F5805F0DD0B0F5B4
:10459000005F18D0B0F1101F4DD143E0102943D077
:1045A000202942D0502946D140E046E0D5E9021307
:1045B0006A68206803F082FF2068866846F0770604
:1045C0002068866039E0D5E902136A68206803F044
:1045D00075FF2068806840F48040216888602CE086
:1045E000EA686968206804F05DF95021206803F0EA
:1045F00071FF22E0EA686968206804F089F96021A7
:10460000206803F067FF18E0EA686968206804F032
:1046100049F94021206803F05DFF0EE000BF00BFB4
:1046200000BF00BF00BF00BF00BF00BF29682068F7
:1046300003F050FF01E0012700BF00BF012084F814
:104640003D0000BF002084F83C0000BF384674E7FE
:1046500088FFCEFF20001000704770B50446206828
:10466000C6682068056905F00200022819D106F025
:104670000200022815D1401F21680861012020771F
:104680002068806900F0030018B12046FFF7E4FFBE
:1046900005E0204600F04CF9204600F03AFA0020F0
:1046A000207705F00400042819D106F0040004283E
:1046B00015D1C043216808610220207720688069F5
:1046C00000F4407018B12046FFF7C6FF05E0204611
:1046D00000F02EF9204600F01CFA0020207705F0AB
:1046E0000800082819D106F00800082815D1C04391
:1046F00021680861042020772068C06900F0030069
:1047000018B12046FFF7A8FF05E0204600F010F999
:10471000204600F0FEF90020207705F01000102858
:1047200019D106F01000102815D1C0432168086186
:10473000082020772068C06900F4407018B1204636
:10474000FFF78AFF05E0204600F0F2F8204600F06F
:10475000E0F90020207705F0010048B106F00100E3
:1047600030B16FF0010021680861204600F078FA4E
:1047700005F08000802804D005F40050B0F5005FFB
:104780000AD106F08000802806D16FF4025021681B
:1047900008612046FFF7D1FC05F48070B0F5807FFA
:1047A0000AD106F08000802806D16FF4807021685D
:1047B00008612046FFF7C0FC05F04000402809D101
:1047C00006F04000402805D1C0432168086120461A
:1047D00000F07AFA05F02000202809D106F0200028
:1047E000202805D1C043216808612046FFF7A6FCB8
:1047F00005F48010B0F5801F0BD106F48010B0F5E1
:10480000801F06D16FF48010216808612046FFF7F1
:10481000FCFC05F40010B0F5001F0BD106F40010ED
:10482000B0F5001F06D16FF4001021680861204622
:10483000FFF7EAFC05F48000B0F5800F0BD106F419
:104840008000B0F5800F06D16FF480002168086108
:104850002046FFF7DBFC05F40000B0F5000F0BD19C
:1048600006F40000B0F5000F06D16FF400002168D7
:1048700008612046FFF79CFD70BD000010B586B0B2
:104880000446142101A8FBF705FE2649206888424A
:1048900045D100BF2448C06C40F002002249C864E2
:1048A0000846C06C00F00200009000BF00BF00BFCF
:1048B0000846C06C40F00100C8640846C06C00F0B7
:1048C0000100009000BF00BF4FF4C04001900220E3
:1048D00002900020039004900620059001A913483F
:1048E000FEF78CF84FF40040019002200290002067
:1048F000039004900420059001A90C48FEF77EF86F
:104900004FF4E06001900220029000200390049098
:104910000620059001A94FF09040FEF76FF806B011
:1049200010BD0000002C01400010024000040048AF
:1049300070472DE9F04104460D461646002700BF9A
:1049400094F83C00012802D10220BDE8F08101204A
:1049500084F83C0000BF0C2E51D005DC4EB1042E73
:104960001ED0082E7AD133E0102E60D0142EF9D14B
:1049700075E02946206803F0B9FD2068806940F0A1
:104980000800216888612068806920F0040021689F
:10499000886120688069296908432168886178E016
:1049A0002946206803F0FAFD2068806940F4006021
:1049B000216888612068806920F4806021688861AE
:1049C00020688069296940EA01202168886160E0E7
:1049D0002946206803F03EFE2068C06940F00800C8
:1049E0002168C8612068C06920F004002168C8619E
:1049F0002068C069296908432168C86149E02946DF
:104A0000206803F083FE2068C06940F400602168DC
:104A1000C8612068C06920F480602168C86120688E
:104A2000C069296940EA01202168C86131E029464E
:104A3000206803F0C7FE2068006D40F00800216880
:104A400008652068006D20F0040021680865206872
:104A5000006D29690843216808651AE017E02946B6
:104A6000206803F0E7FE2068006D40F400602168D4
:104A700008652068006D20F4806021680865206862
:104A8000006D296940EA01202168086501E00127DD
:104A900000BF00BF00BF002084F83C0000BF3846C4
:104AA00053E710B504460CB9012010BD94F83D0041
:104AB00028B9002084F83C00204600F029F80220A4
:104AC00084F83D00211D206803F074FC012084F867
:104AD000480000BF84F83E0001213F2001554020DE
:104AE000015541200155422001554320015500BF89
:104AF00000BF012084F8440045200155462001559F
:104B00004720015500BF012084F83D000020CCE77C
:104B10007047704770B504460D4615B994F83E00CD
:104B200015E0042D02D13F20005D10E0082D02D1D8
:104B30004020005D0BE00C2D02D14120005D06E01D
:104B4000102D02D14220005D01E04320005D0128CC
:104B500001D0012070BD1DB9022084F83E001AE08A
:104B6000042D03D102213F20015514E0082D03D16B
:104B70000221402001550EE00C2D03D102214120DD
:104B8000015508E0102D03D102214220015502E019
:104B900002214320015501222946206803F06CFCC4
:104BA0002749206888420FD02649206888420BD0C8
:104BB00025492068884207D024492068884203D0CC
:104BC00023492068884201D1012000E0002028B15B
:104BD0002068406C40F4004021684864184920680F
:104BE000884213D02068B0F1804F0FD01949206857
:104BF00088420BD018492068884207D011492068A4
:104C0000884203D010492068884210D1206880680B
:104C1000124900EA0106062E0FD0B6F5803F0CD0EF
:104C20002068006840F001002168086005E0206805
:104C3000006840F001002168086000208AE7000059
:104C4000002C01400034014000400140004401407C
:104C50000048014000040040000800400700010037
:104C600010B586B004461548844225D102F074FB85
:104C7000052802D002F0AAFB1AE011480078B8B962
:104C800001200F49087001A802F05CFB9DED021A9B
:104C9000F0EE410A9DED011AB0EE410AB2EE0E1A95
:104CA00002F0F0F801200749087702F06FF900BF21
:104CB00002F016FE02F0E6FD06B010BDE80200208C
:104CC0004A000020180600207047014600BF91F8F6
:104CD0008400012801D102207047012081F884005E
:104CE00000BF2420C1F888000868026808680068CE
:104CF00020F001000B68186022F000520020486686
:104D0000086802602020C1F8880000BF002081F8F8
:104D1000840000BF00BFDFE72DE9F04104460E46E6
:104D20001746D4F88C00202825D106B117B90120E8
:104D3000BDE8F0810120E066002020673A46314658
:104D4000204604F057FA05469DB9E06E01280FD1C0
:104D500010202168086200BF00BF216851E8001FD1
:104D600041F01000226842E800010029F5D100E07E
:104D700001252846DCE70220DAE7000070B504468A
:104D80000D460B492068884210D1802209490A4803
:104D9000FFF7C2FF0848D0F880000068006820F0E4
:104DA00004000549D1F880100968086070BD000052
:104DB000004400405805002034030020704770B5BF
:104DC00004460D4600BF94F88400012801D102205A
:104DD00070BD012084F8840000BF2420C4F888003E
:104DE000206806682068006820F0010021680860DB
:104DF0002068806820F06060284321688860204631
:104E000003F0BCFD206806602020C4F8880000BFC5
:104E1000002084F8840000BF00BFD9E770B50446C5
:104E20000D4600BF94F88400012801D1022070BD16
:104E3000012084F8840000BF2420C4F88800206882
:104E400006682068006820F001002168086020687A
:104E5000806820F06040284321688860204603F085
:104E60008DFD206806602020C4F8880000BF002067
:104E700084F8840000BF00BFD9E7704770477047CF
:104E80002DE9F04704462068C56920680668206857
:104E9000876840F60F0005EA0009B9F1000F0FD14D
:104EA00005F0200060B106F0200010B907F0805036
:104EB00030B1606F10B12046616F8847BDE8F08760
:104EC000B9F1000F7ED0DF48384018B9DE483040D5
:104ED0000028F7D005F0010058B106F4807040B109
:104EE000012021680862D4F8900040F00100C4F865
:104EF000900005F0020058B107F0010040B1022017
:104F000021680862D4F8900040F00400C4F89000D2
:104F100005F0040058B107F0010040B104202168F9
:104F20000862D4F8900040F00200C4F8900005F048
:104F3000080070B106F0200010B9C248384040B1F6
:104F4000082021680862D4F8900040F00800C4F8F6
:104F5000900005F4006060B106F0806048B14FF445
:104F6000006021680862D4F8900040F02000C4F886
:104F70009000D4F89000002852D005F0200050B1E5
:104F800006F0200010B907F0805020B1606F10B11A
:104F90002046616F8847D4F890A02068806800F0B0
:104FA0004000402802D00AF0280070B3204603F0E9
:104FB000F1FE2068806800F04000402826D100BF44
:104FC00000BF00E02DE02168083151E8001F21F00A
:104FD00040002168083141E80002002AF1D100BFF9
:104FE000D4F8800068B19948D4F880108863D4F868
:104FF0008000FDF728FA98B1D4F88000816B8847CB
:105000000EE02046FFF73BFF0AE003E02046FFF7F3
:1050100036FF05E02046FFF732FF0020C4F890007D
:105020004CE7E06E012865D105F01000002861D042
:1050300006F010000028FAD01020216808622068CD
:10504000806800F0400040287AD1D4F880000068E1
:1050500040681FFA80F8B8F1000F5CD0B4F85C002B
:10506000404558DDA4F85E80D4F8800000680068F0
:1050700000F02000E8BB00BF00BF216851E8001F1E
:1050800021F48070226842E800010029F5D100BFB8
:1050900000BF00BF2168083151E8001F21F0010066
:1050A0002168083141E80002002AF3D100BF00BFA7
:1050B00000BF2168083151E8001F21F0400021683D
:1050C000083141E80002002AF3D100BF2020C4F8D3
:1050D0008C000020E06600BF00BF216851E8001F7F
:1050E00021F01000226842E800010029F5D100BF3C
:1050F00001E004E068E0D4F88000FDF765F90220E3
:105100002067B4F85C00B4F85E20801A81B22046B3
:10511000FFF734FE12E0B4F85C0040450ED1D4F83D
:1051200080000068006800F02000202806D10220DE
:105130002067B4F85C102046FFF720FEBEE6FFE7CC
:1051400034F85C0F6188401A1FFA80F860885C3C74
:10515000C8B3B8F1000F36D000BF00BF216851E8D6
:10516000001F21F49070226842E800010029F5D167
:1051700000BF00BF00BF2168083151E8001F314A5D
:10518000D24301EA02002168083141E80002002A06
:10519000F1D100BF2020C4F88C000020E0666067D9
:1051A00000BF00BF216851E8001F21F010002268F5
:1051B00042E800010029F5D100BF022020674146E6
:1051C0002046FFF7DBFD79E605F4801050B107F4C7
:1051D000800038B14FF48010216808622046FFF744
:1051E0004DFE6BE605F0800058B106F0800010B966
:1051F00007F4000028B1A06F10B12046A16F8847C6
:105200005CE605F0400030B106F0400018B12046E1
:1052100003F0F6FD52E605F4000030B106F08040E0
:1052200018B12046FFF729FE48E605F0807030B13E
:1052300006F0004018B12046FFF7C0FD3EE600BF73
:105240003CE600000100001020010004B78B0008BC
:1052500010B504460CB9012010BDA06900B100E0F2
:1052600000BFD4F8880028B9002084F884002046C4
:1052700000F02AF82420C4F888002068006820F094
:10528000010021680860A06A10B1204603F0A2FB6B
:10529000204603F0EDFD012800D1DDE720684068DD
:1052A00020F49040216848602068806820F02A003F
:1052B000216888602068006840F00100216808606B
:1052C000204603F003FCC7E710B598B0044614214C
:1052D00013A8FBF7DFF8442102A8FBF7DBF83B49F2
:1052E0002068884270D1022002900020049002A819
:1052F000FEF71AF908B1FBF72CFB00BF3448806DAC
:1053000040F40030324988650846806D00F4003072
:10531000019000BF00BF00BF0846C06C40F0020013
:10532000C8640846C06C00F00200019000BF00BFD6
:10533000182013900220149000201590169007203A
:10534000179013A92348FDF759FB23482349086008
:105350001A204860002121488160C16080210161DC
:10536000002141618161C1610162FDF799F908B1D4
:10537000FBF7EFFA00BF1948C4F88000846200BF51
:1053800015481430164908601B2048601021144845
:1053900081600021C1608021016100214161816142
:1053A000C1610162FDF77CF908B1FBF7D2FA00BFD9
:1053B0000B48E067846200BF002203212620FDF72E
:1053C000CBFF2620FDF7B4FF18B010BD004400400D
:1053D000001002400004004844000240C8030020BE
:1053E000280400207047704770B504460E461546E5
:1053F000D4F8880020283FD106B10DB9012070BD36
:1054000044F8506FA580E580002020642120A0632F
:10541000E06A503CE0B11948E16FC8621848E16F9A
:1054200008631848E16F48630020E16F88632368D0
:1054300003F128022B46216DE06FFDF7D4F938B156
:105440001020C4F890002020C4F888000120D6E77E
:1054500040202168086200BF00BF2168083151E880
:10546000001F41F080002168083141E80002002A55
:10547000F3D100BF0020C2E70220C0E7318D000851
:10548000878D0008C58B00087047704700BFFEE796
:10549000F0B52DED048B89B0002400254FF4FA7788
:1054A0000A20FDF701FA002613E02148FBF7ECFE85
:1054B0000A211F48FBF746FE09211D48FBF722FE83
:1054C000044440F20F111A48FBF71CFE0544701CFF
:1054D00086B2B6F5FA7FE8DB00EE104AB8EE400A75
:1054E000DFED140A80EE208A00EE105AB8EE400A72
:1054F000DFED100AC0EE208A38EE280AF0EE000A2E
:1055000080EE209A01A801F051FD9DED010A20EEE8
:10551000090ADDED050AC0EE209AB0EE690A01F035
:1055200003FF0348FBF7E2FF09B0BDEC048BF0BDBD
:10553000500000200000FA4310B50248FDF7EBFBD5
:1055400010BD00008801002010B50248FDF71EFCC8
:1055500010BD00008801002070B50546AC6AA06B44
:1055600010B10020A16B8863E06B10B10020E16BEB
:105570008863204600F02EFF70BD70B50546AC6A0A
:105580002068406840F400402168486010212046AF
:1055900000F04CF970BD70B50546AC6A2068006833
:1055A00020F4004021680860608D20B92021204649
:1055B00000F06CF81DE0218D606A08446062608D27
:1055C000FF2802D9FF20208501E0608D2085238DF2
:1055D000266806F12401626AE06BFDF704F920B148
:1055E0001021204600F022F903E04021204600F07F
:1055F0004DF870BD074A1268074BB2FBF3F2424305
:105600000A23B2FBF3F100BF0A1EA1F10101FBD195
:10561000704700001000002040420F0010B5024605
:10562000002001F001034BB140F0420092F84130FC
:1056300003F02803282B01D040F0B00001F0020352
:10564000022B09D140F0440092F8413003F02803C6
:10565000282B01D040F0B00001F40043B3F5004F17
:1056600001D140F0B800102901D140F0900020296C
:1056700001D140F02000402901D140F040001368E2
:105680001B6883431468236010BD000010B50246F8
:105690000020254C536BA34222D0244C536BA342D1
:1056A0001ED0234C536BA3421AD001F40043B3F530
:1056B000004F01D140F0B80001F001030BB140F000
:1056C000F20001F00203022B01D140F0F400102996
:1056D00001D140F09000202920D140F020001DE0B1
:1056E00001F40043B3F5004F01D140F0B80001F0E0
:1056F00001030BB140F0F20001F00203022B01D1D3
:1057000040F0F400102901D140F09000202901D18F
:1057100040F06000402901D140F0400013681B6850
:1057200003431468236010BD015E00081561000882
:10573000615F000801688969C1F3400111B100216E
:10574000026891620168896901F0010129B9016863
:10575000896941F001010268916170472DE9F047C4
:105760000446894694F8410000F02800282852D1C8
:1057700020688069C0F300472068806900F47E00DB
:10578000050C20688068C0F309062068C06800F036
:10579000FE08E06802282ED105F00600062101EA85
:1057A000E611884216D13546A06C401CA064A06C5E
:1057B000022838D10020A06408202168C86100BFF9
:1057C000002084F8400000BF2A4639462046FDF7F5
:1057D00083FA28E045464FF400412046FFF71EFFBC
:1057E00000BF002084F8400000BF2A46394620460A
:1057F000FDF772FA17E04FF400412046FFF70EFF65
:1058000000BF002084F8400000BF2A4639462046E9
:10581000FDF762FA07E008202168C86100BF002098
:1058200084F8400000BFBDE8F08700002DE9F0419A
:1058300004460F4694F84160002084F842004D4829
:10584000E06200206085606C38436064282E03D0DD
:10585000292E01D02A2E09D103212046FFF7DEFE92
:10586000282084F841004448606324E048F20301A2
:105870002046FFF7D3FE2046FFF75CFF94F8410077
:10588000602816D0202084F8410020688069C0F389
:10589000401070B120688069C0F3001030B1102052
:1058A0002168C861606C40F00400606420202168B9
:1058B000C86100206063256BA06B48B3112D01D037
:1058C000212D25D12068006800F48040B0F5804F7C
:1058D00005D12068006820F4804021680860A06B32
:1058E000FCF75AFE01280FD02448A16B886300BF43
:1058F000002084F8400000BFA06BFCF7A4FD70B34B
:10590000A06B816B884732E0204600F063FD2EE0FB
:10591000E06B48B3122D01D0222D25D120680068FC
:1059200000F40040B0F5004F05D12068006820F475
:10593000004021680860E06BFCF72EFE01280FD0C4
:105940000E48E16B886300BF002084F8400000BF70
:10595000E06BFCF778FD10B1E06B816B884706E0E7
:10596000204600F037FD02E0204600F033FDBDE8A0
:10597000F08100000000FFFF536200085955000845
:1059800070B504460D461948E062002020632020CF
:1059900084F84100002084F842006063C5F3800071
:1059A00090B12068406A616A0870606A401C606259
:1059B000208D48B1208D401E2085608D401E608561
:1059C000606C40F00400606448F203012046FFF779
:1059D00025FE10202168C86100BF002084F8400027
:1059E00000BF2046FDF766FA70BD00000000FFFF13
:1059F000F8B504460D462F4620202168C86194F86A
:105A00004100212806D101212046FFF707FE112081
:105A1000206309E094F84100222805D102212046A4
:105A2000FFF7FCFD122020632068406838490840D9
:105A300021684860002060633648E062C7F30010C8
:105A400030B110202168C861606C40F004006064CF
:105A500094F84100602807D1C7F3800020B1206886
:105A6000406AC0B2009000BF2046FFF763FE666C3C
:105A700094F84100602800D026B1616C2046FFF701
:105A8000D5FE44E094F8410021281ED1202084F85E
:105A900041000020206394F8420040280AD10020F1
:105AA00084F8420000BF84F8400000BF2046FDF7A4
:105AB00023FA2CE0002084F8420000BF84F8400064
:105AC00000BF2046FDF7F8F921E094F841002228B4
:105AD0001DD1202084F841000020206394F842006A
:105AE00040280AD1002084F8420000BF84F840001A
:105AF00000BF2046FDF7E2F909E0002084F84200EB
:105B000000BF84F8400000BF2046FDF7D4F9F8BD7F
:105B100000E800FE0000FFFF10B50446002084F8F6
:105B2000420094F84100212813D1202084F841003C
:105B3000112020630020606301212046FFF76EFDE5
:105B400000BF002084F8400000BF2046FDF7B4F9F4
:105B500012E0202084F841001220206300206063BE
:105B600002212046FFF75AFD00BF002084F84000C4
:105B700000BF2046FDF79FF910BD00002DE9F0475A
:105B8000044689462068D0F800804E46E76A94F8BB
:105B9000415020202168C861212D01D0292D07D135
:105BA00048F201012046FFF739FD2120206314E06F
:105BB000222D01D02A2D07D148F202012046FFF7FD
:105BC0002DFD2220206308E0282D06D148F2030194
:105BD0002046FFF723FD002020632068406840F442
:105BE000004021684860206840686049084021689A
:105BF00048602046FFF79EFDC8F3803060B1206802
:105C0000006820F4804021680860A06B98B1A06B08
:105C10000068406860850EE0C8F3C03058B1206865
:105C2000006820F4004021680860E06B18B1E06B68
:105C3000006840686085C6F3800080B126F00406E5
:105C40002068406A616A0870606A401C6062208D4A
:105C500028B1208D401E2085608D401E6085608D9E
:105C600018B1606C40F004006064C6F3001000B32B
:105C7000C8F30010E8B1608D00BB94F841002828FB
:105C800007D1B7F1007F04D131462046FFF778FEF7
:105C900023E094F8410029280CD117F5803F09D062
:105CA00010202168C8612046FFF744FD204600F01F
:105CB00061F812E010202168C8610EE01020216810
:105CC000C861606C40F00400606417B1B7F1807F78
:105CD00003D1616C2046FFF7A9FD002084F8420043
:105CE0006063606C60B1616C2046FFF79FFD94F8C3
:105CF0004100282837D131462046FFF741FE32E0E7
:105D0000E06A10F5803F11D0204600F033F81848C3
:105D1000E062202084F841000020206300BF84F866
:105D2000400000BF2046FDF7C5F81CE094F8410094
:105D300022280CD1202084F841000020206300BFDD
:105D400084F8400000BF2046FDF764FA0BE02020F5
:105D500084F841000020206300BF84F8400000BFA9
:105D60002046FDF758FABDE8F087000000E800FE85
:105D70000000FFFF70B5044620680568002084F825
:105D80004200C5F3803030B12068006820F48040C4
:105D90002168086008E0C5F3C03028B120680068B9
:105DA00020F400402168086094F84100292811D1AE
:105DB000282084F841002120206301212046FFF79C
:105DC0002DFC00BF002084F8400000BF2046FDF7F6
:105DD00022FA14E094F841002A2810D1282084F8EF
:105DE00041002220206302212046FFF717FC00BF5C
:105DF000002084F8400000BF2046FDF70BFA70BD7C
:105E00002DE9F84304460D46164600BF94F84000BD
:105E1000012802D10220BDE8F883012084F8400067
:105E200000BFC5F3001088B1C6F3001070B1102098
:105E30002168C861606C40F0040060642021204645
:105E4000FFF724FC2046FFF775FC82E0C5F3C01085
:105E5000002851D0C6F3801000284DD0206800687B
:105E600020F0400021680860608DA0B32068406881
:105E7000C0F30908608DFF2804D9FF2020854FF06A
:105E8000807709E0608D2085E06A10F5803F01D0C1
:105E9000E76A01E04FF000770020009094F8282096
:105EA0003B464146204600F079FA608D218D401A2C
:105EB000608594F84100222806D12068006840F4EB
:105EC00000402168086044E02068006840F4804099
:105ED000216808603DE0FFE72068406800F000703E
:105EE000B0F1007F03D02046FFF716FE31E04021DD
:105EF0002046FFF79BFC2CE0C5F38010F8B1C6F3F9
:105F00008010E0B1608DA8B92068406800F0007092
:105F1000B0F1007F1DD0E06A10F5803F06D1206807
:105F2000406840F480402168486012E02046FFF756
:105F3000F3FD0EE040212046FFF778FC09E0C5F3B1
:105F4000401030B1C6F3401018B129462046FFF783
:105F50004FFD00BF002084F8400000BF00BF5AE79B
:105F6000F8B504460D461646684F00BF94F8400049
:105F7000012801D10220F8BD012084F8400000BFB3
:105F8000C5F3001088B1C6F3001070B1102021686D
:105F9000C861606C40F00400606420212046FFF777
:105FA00075FB2046FFF7C6FBA8E0C5F3400048B1EB
:105FB000C6F3400030B1206D216888624FF0FF3099
:105FC00020659BE0C5F3C010002847D0C6F38010C1
:105FD000002843D001212046FFF720FB1021204656
:105FE000FFF754FB608D98B3608DFF280DD9FF201B
:105FF00020850020009094F82820E06C81B24FF0BA
:106000008073204600F0CAF90CE0608D20850020E6
:10601000009094F82820E06C81B24FF00073204685
:1060200000F0BCF9608D218D401A608594F8410024
:10603000222806D12068006840F4004021680860EA
:106040005CE02068006840F480402168086055E00A
:10605000FFE740212046FFF7E9FB4FE0C5F3801042
:10606000D0B3C6F38010B8B301212046FFF7D6FAAB
:1060700010212046FFF70AFB94F84100222800D1A6
:10608000234F608DFF280CD9FF202085009794F8BE
:106090002820E06C81B24FF08073204600F07EF93A
:1060A0000BE0608D2085009794F82820E06C81B289
:1060B0004FF00073204600F071F9608D218D401A79
:1060C000608594F84100222807D12068006840F4D8
:1060D00000402168086011E006E02068006840F494
:1060E00080402168086009E0C5F3401030B1C6F374
:1060F000401018B129462046FFF77AFC00BF002067
:1061000084F8400000BF00BF35E700000020008099
:10611000002400802DE9F04704460F461546D4F8C8
:106120002C804FF0000900BF94F84000012802D1F4
:106130000220BDE8F087012084F8400000BFC7F3CB
:10614000401038B1C5F3401020B139462046FFF762
:1061500015FD77E0C7F30010002869D0C5F30010E3
:10616000002865D0C5F3803018B9C5F3C0300028C9
:106170005AD0E06B40B1C5F3C03028B1E06B006885
:10618000406808B94FF00109A06B40B1C5F38030F9
:1061900028B1A06B0068406808B94FF00109B9F157
:1061A000010F20D194F84100282807D1B8F1007FD1
:1061B00004D139462046FFF7E3FB43E094F8410061
:1061C00029280CD118F5803F09D010202168C8611A
:1061D0002046FFF7AFFA2046FFF7CCFD32E0102053
:1061E0002168C8612EE010202168C861606C40F011
:1061F0000400606494F84160B8F1000F02D0B8F177
:10620000807F1FD1212E01D0292E02D12120206391
:1062100005E0222E01D02A2E01D122202063616CBC
:106220002046FFF703FB0DE010202168C86109E05C
:10623000C7F3C00030B1C5F3C00018B139462046DD
:10624000FFF78CFA00BF002084F8400000BF00BFB9
:106250006FE72DE9F041044688461646E56A474651
:1062600000BF94F84000012802D10220BDE8F0816F
:10627000012084F8400000BFC7F3401038B1C6F3D6
:10628000401020B139462046FFF778FC7FE0C7F385
:106290000010A8B3C6F3001090B3608D00BB94F853
:1062A0004100282807D1B5F1007F04D139462046A6
:1062B000FFF766FB6BE094F8410029280CD115F537
:1062C000803F09D010202168C8612046FFF732FACC
:1062D0002046FFF74FFD5AE010202168C86156E0C4
:1062E00010202168C861606C40F00400606415B142
:1062F000B5F1807F4BD1616C2046FFF797FA46E0FD
:10630000FFE7C7F38000D0B1C6F38000B8B1608D5D
:1063100060B12068406A616A0870606A401C60620F
:10632000208D401E2085608D401E6085608D30BBB5
:1063300015F5803F2BD02046FFF71CFD27E0C7F363
:10634000C00038B1C6F3C00020B139462046FFF77F
:1063500005FA1CE0C7F3400088B1C6F3400070B1F5
:10636000608D68B1606A007821688862606A401C4C
:106370006062608D401E6085208D401E208506E095
:10638000B5F1807F00D015B92046FFF7F3FC00BFC0
:10639000002084F8400000BF00BF67E7F0B5059C0F
:1063A000C1F309064FF47F0707EA02473E431E4345
:1063B000264326F00045066876684FF4806707EAB2
:1063C000545767F0FC2747F4C047BE432E43076885
:1063D0007E60F0BD10B5044694F8410060280CD1F1
:1063E000202084F841000020206300BF84F8400092
:1063F00000BF2046FCF76FFC08E00020206300BFD0
:1064000084F8400000BF2046FCF7CEFC10BD000021
:1064100010B52DED048BDFED2C0A9FED2C0A00F05A
:10642000F3FF2B480068401C2949086008460068B3
:1064300040F2DC51884244D9FAF7E8F900EE100A3C
:10644000B8EE400ADFED230A20EE200AB0EE409AB3
:10645000DFED1E0A9FED1D0A00F0D6FF1E48007CEE
:1064600010B901201C4908749FED1C8A1A48008944
:1064700000EE100AF8EE400A174890F9100000EEFE
:10648000100AB8EEC00A20EE800AC8EE008A79EE43
:10649000680AB0EE600A00F065FF0F4880ED030A5D
:1064A000024692F91010D2ED030AB0EE600A10898C
:1064B00000F040FF002006490860052008490870E8
:1064C00000BFBDEC048B10BD00004843000000007D
:1064D0002C000020DB0FC93A38050020DB0FC9BFB4
:1064E0002800002010B50E480068401C0C490860C8
:1064F00008460068322806D8DFED0A0A9FED090A2F
:1065000000F082FF10BD9FED080A084880ED010AE7
:1065100000200349086003200549087000BFF1E727
:106520002C0000200000000052491D3A38050020D0
:106530002800002010B52DED048B9FED340AB0EE3D
:10654000409AB2EE0E0AF0EE409ADFED300A9FED6F
:10655000300A00F059FF2F480068401C2D490860A0
:1065600008460068C82816D908460068B0F5FA7FC2
:1065700011D8294890ED090AB0EEC00A2748D0ED9D
:10658000000A30EE200A80ED000A25480068401C11
:106590002349086036E01F480068B0F5FA7F31D91A
:1065A000DFED200A9FED1F0A00F02EFF1B48D0ED03
:1065B000000A1B4890ED000AB8EEC00A80EE801A6F
:1065C000B0EE418A9FED180AB4EEC08AF1EE10FADF
:1065D00003D29FED150AB0EE408AF0EE088A88EEED
:1065E000880A124880ED000A9FED0E0A0B4880EDE4
:1065F000000A00200A4908600649086002200C4988
:10660000087000BFBDEC048B10BD000000004843C3
:10661000DB0FC93F2C000020880400204000002030
:1066200044000020000000000AD7233C3805002069
:106630002800002070B52DED048B9FED520AB0EEBE
:10664000409A4FF4FA7650480068B0F5FA7F20D2AD
:10665000DFED4E0A9FED4E0A00F0D6FE4A48006874
:10666000711E88420DD19FED4A0A4A4880ED000A0A
:106670009FED470A484880ED000AFAF7C7F84749F6
:10668000088041480068401C3F490860BDEC048B0D
:1066900070BD404890ED000ADFED410A30EE200A5F
:1066A00080ED000ADFED3F0A90ED000A02F080FF66
:1066B000B0EE408ADFED350A00F0A6FEFAF7A6F844
:1066C0000546364800882C1AB4F5006F02DDA4F5A3
:1066D000805404E014F5006F01DA04F580542E486C
:1066E000D0ED000A00EE104AB8EEC00A30EE800A83
:1066F00080ED000A2948058023480068401C224993
:106700000860244890ED000ADFED1E0AB4EEE00AAE
:10671000F1EE10FA33DB204890ED000AB5EEC00A26
:10672000F1EE10FA01DB012001E04FF0FF301E49CD
:106730000874194890ED000AB0EEC00ADFED1B0A9C
:1067400080EE208AB7EE080AC0EE080AF0EE608AF2
:10675000B0EE680A02F084FFBCEEC00A10EE100A28
:1067600011490881DFED0A0A9FED090A00F04CFE8D
:1067700000200549086004200D49087000BF00BFD3
:1067800084E70000E4CB16412C00002000004843C1
:106790000000000034000020380000203C000020F1
:1067A000CDCC4C3DDA0FC9403805002000008045B3
:1067B000280000208168024A1140491C816070470E
:1067C000C0FFFF7F0146886800F01F007047024647
:1067D00002F1600000EB8103186800F0F840704798
:1067E000024602F1600000EB8103186800F0F840F7
:1067F00070470146C86800F000707047014688681D
:10680000C0F3C000704701468868C0F3C0007047FD
:106810008168034A114041F008018160704700001F
:10682000C0FFFF7F01468868C0F340007047014603
:10683000886800F0010070470146886800F0010098
:10684000704701468868C0F3007070470146886849
:10685000C0F38000704701468868C0F3800070472D
:106860000146C86800F4406008B901207047002064
:10687000FCE700008168024A1140091D81607047F1
:10688000C0FFFF7F70B500F11404C1F3406504EB55
:1068900085031C68C1F304560725B540AC43C1F31A
:1068A000045502FA05F52C431C6070BD70B500F16B
:1068B0001404C1F3406504EB85031C68C1F304565E
:1068C0000725B540AC43C1F3045502FA05F52C4346
:1068D0001C6070BD826822F0E0720A4382607047DB
:1068E000826822F0E0720A438260704710B500F1BE
:1068F000600404EB81031C6824F0004414431C6012
:1069000010BD10B500F1600404EB81031C6824F095
:10691000004414431C6010BD426922F000420A4347
:1069200042617047426922F000420A434261704767
:1069300010B540210148FCF74FF910BD0004004894
:1069400000B593B000201090119012903C2101A846
:10695000F9F7A0FD4FF0A0402C4908604FF44030FB
:106960004860002129488160C160016101214161C5
:106970000421816100210177417701210162002119
:1069800080F8241080F83810C16380F84010FBF7BD
:1069900081FA08B1F9F7DDFF0020109010A91B481B
:1069A000FAF7D4FD08B1F9F7D4FF1948019009208E
:1069B0000290012003907F20049004200590002085
:1069C00006900220099000208DF828008DF82900FB
:1069D0008DF82A0084200B9080200C9000208DF8E8
:1069E000340001A90948FAF711F808B1F9F7B1FF25
:1069F0000848019040F20F10029001A90348FAF7ED
:106A000005F808B1F9F7A5FF13B000BD500000204C
:106A1000020030040800900C00B589B0202101A8C4
:106A2000F9F738FD1C481D4908604FF440304860B4
:106A300000211A488160C1600161416104218161C6
:106A400000210177012141770162002180F82410A3
:106A5000C1620163012180F838100021C16380F810
:106A60004010FBF717FA08B1F9F773FF0C480190D3
:106A700006200290022003907F20049004200590BD
:106A80000020069001A90548FAF7E6FD08B1F9F7DC
:106A900060FF09B000BD000000010050BC000020F4
:106AA0002000F01408B500BF2148806C40F00400BD
:106AB0001F4988640846806C00F00400009000BF05
:106AC00000BF00BF0846806C40F0010088640846A3
:106AD000806C00F00100009000BF00BF0022032185
:106AE0000B20FCF739FC0B20FCF722FC002211469E
:106AF0000C20FCF731FC0C20FCF71AFC00220321CF
:106B00000D20FCF729FC0D20FCF712FC0022114699
:106B10000E20FCF721FC0E20FCF70AFC0022114697
:106B20000F20FCF719FC0F20FCF702FC08BD000049
:106B30000010024000B587B0142102A8F9F7AAFCA2
:106B400000BF3548C06C40F004003349C8640846B3
:106B5000C06C00F00400019000BF00BF00BF0846F9
:106B6000C06C40F02000C8640846C06C00F02000F3
:106B7000019000BF00BF00BF0846C06C40F001009C
:106B8000C8640846C06C00F00100019000BF00BF5F
:106B900000BF0846C06C40F00200C8640846C06CE4
:106BA00000F00200019000BF00BF002243211B48FB
:106BB000FCF71CF8F02002900220039000200490C3
:106BC00005900520069002A94FF09040FBF716FFB4
:106BD00003200290112003900120049000200590D2
:106BE00002A90E48FBF70AFF4FF440600290002014
:106BF00003900120049002A90848FBF7FFFE402003
:106C000002900120039000200490059002A90348FF
:106C1000FBF7F4FE07B000BD00100240000400487E
:106C200010B5124812490860124848600021104807
:106C300081600121C1600021016141618161C16107
:106C40000162FCF7CBF808B1F9F783FE0021084890
:106C5000FBF7D8FF08B1F9F77CFE00210448FCF7E8
:106C600006F808B1F9F775FE10BD000000540040A9
:106C700088010020C285B24000B59BB0002017906B
:106C8000189019901A901490159016901C210DA828
:106C9000F9F700FC34216846F9F7FCFB404841490C
:106CA00008600020486020213E48816041F299013F
:106CB000C160002101610121416100218161FDF775
:106CC00078FB08B1F9F745FE4FF48050179017A9EB
:106CD0003448FDF727FC08B1F9F73BFE3148FDF7D2
:106CE000E0FE08B1F9F735FE7020149000201590F1
:106CF000169014A92B48FDF78BFA08B1F9F729FE75
:106D000060200D9000200E900F9010901190129026
:106D1000139000220DA92348FDF70BFE08B1F9F7E7
:106D200018FE04220DA91F48FDF703FE08B1F9F76C
:106D300010FE08220DA91B48FDF7FBFD08B1F9F76D
:106D400008FE70200D9005200E900C220DA915480C
:106D5000FDF7EFFD08B1F9F7FCFD00200090019070
:106D6000029019200390002004904FF400500590E9
:106D700000200690079008904FF0007009900020C6
:106D80000A900B900C9069460648FDF7D9F908B1B6
:106D9000F9F7DFFD0348FDF771FD1BB000BD0000F2
:106DA000002C01409C02002000B587B00020039019
:106DB0000490059006900090019002904FF0804062
:106DC00013490860A920486000211148816040F201
:106DD000E731C160002101618161FDF7EAFA08B184
:106DE000F9F7B7FD4FF48050039003A90848FDF769
:106DF00099FB08B1F9F7ADFD0020009002906946BB
:106E00000348FDF705FA08B1F9F7A3FD07B000BD87
:106E1000E802002010B51848184908604FF46120B6
:106E20004860002115488160C16001610C21416109
:106E300000218161C1610162416200200F498862C5
:106E40000846FEF705FA08B1F9F783FD00210B4863
:106E5000FDF7E4FF08B1F9F77CFD00210748FDF7D5
:106E6000AEFF08B1F9F775FD0448FDF72EFF08B134
:106E7000F9F76FFD10BD000000440040340300200E
:106E800000BFFEE710B52DED0C8BF0EE408AB0EEA2
:106E9000609AF0EE41AAF5EEC08AF1EE10FA04D93C
:106EA000B5EEC09AF1EE10FA02D8BDEC0C8B10BD15
:106EB0009FED1FBADFED1F9A29EE290AF7EE000AAF
:106EC00060EE20BA28EEA90ADFED1B0A20EE20CAE8
:106ED000DFED1ACA9FED1A0A2AEE800ADFED190AC1
:106EE00020EE20AAB0EE4A8AB1EE4ADAF0EE4B2A42
:106EF000B0EE4D2AF0EE481AB0EE6C1AF0EE4C0AE5
:106F0000B0EE6B0A104800F0B1FFF0EE4B2AB0EE85
:106F10004D2AF0EE481AB0EE6C1AF0EE4C0AB0EEC4
:106F20006B0A0948303000F0A1FF00BFBDE7000048
:106F300017B7513862149D44CDCC4C3F000000007F
:106F400036CD133F3333733FC40400200CB5B0EE8D
:106F5000401AF0EE601A31EE210AB1EE400AB0EEAE
:106F6000402A8DED001AF0EE000AB0EE410A00EE64
:106F7000820ADFED050A20EE200A8DED010A9DED63
:106F8000000ADDED010A0CBD3ACD133F10B50446F1
:106F9000054880F8A4403C3000F09EFF02486C3069
:106FA00000F09AFF10BD00008804002010B588B0E2
:106FB000044672B6202206496846F9F739FA62B6E5
:106FC000202269462046F9F733FA08B010BD0000C8
:106FD0008804002010B52DED028B9FED2B0A2B4865
:106FE00080ED000A9FED2A0A80ED010A9FED290A33
:106FF00080ED020AB3EE040A80ED030A9FED260A33
:1070000080ED040A0120214988829FED240A084668
:1070100080ED060A012008770020088400211B4823
:1070200041849FED1E0A80ED090A9FED1C0A80ED48
:107030000A0A9FED1B0AB0EE408ADFED192AB9EE6D
:107040000A2AF1EE0A1A9FED151ADFED160AB7EEBD
:10705000000A3C3000F00AFFDFED112AB9EE0A2ADF
:10706000F1EE0A1A9FED0D1ADFED0E0AB7EE000AD7
:1070700006486C3000F0FAFE0020044981F8A400B4
:10708000BDEC028B10BD0000333353408804002058
:107090003333D33F6F12833C00F07F450000000084
:1070A00017B7513800007A442DED040B82B09DEDE6
:1070B000020A20EE210ADDED030A00EEC10A8DED81
:1070C000000A9DED020A20EE010ADDED030A00EE42
:1070D000A10A8DED010A9DED000ADDED010A06B061
:1070E00070472DED040B82B09DED020A20EE210ABF
:1070F000DDED030A00EE810A8DED000A9DED020A26
:10710000B1EE400A20EE010ADDED030A00EEA10A0D
:107110008DED010A9DED000ADDED010A06B0704714
:107120000E49D1ED001A00EE100AB8EE400A21EE29
:10713000800AD1ED041A80EE212AF0EE420A91ED88
:10714000010A30EEC00AB0EE401A91ED020AD1ED0C
:10715000031A60EE211A81EE210A7047880400208C
:1071600070B52DED0A8B84B006460C463046FFF70D
:10717000D7FFB0EE409A2046FFF7D2FFF0EE409ADC
:10718000654806844484B1EE490A80ED090AC0EDE1
:107190000A9AF9F73BFB08EE900AB8EE680A10EE7F
:1071A000100A02F01FFE41EC1C0B9FED5C0B53EC30
:1071B000102B02F019FD41EC1B0B02F0E3FC0AEE70
:1071C000100A554890ED060A3AEE400AF0EE40AA41
:1071D000858A05B9012500EE105AB8EE400A6AEE1C
:1071E000800A4D4890F91C0000EE100AB8EEC00A63
:1071F00020EE808A05E09FED4B0A38EE400AB0EEA3
:10720000408A9FED480AB4EEC08AF1EE10FAF2DA35
:1072100005E09FED440A38EE000AB0EE408AB5EE74
:10722000C08AF1EE10FAF4D3B0EE480A02F066FA22
:10723000394880ED2A0AB0EE480A02F011F93648C2
:1072400080ED2B0A90ED0A1AF0EE410A90ED091A32
:10725000B0EE410AFFF77AFE2F4880ED0B0AC0ED31
:107260000C0A90ED2B0AF0EE401A90ED2A0AB0EECF
:10727000401AD0ED0C0A90ED0B0AFFF732FF2648BA
:1072800080ED0D0AC0ED0E0A90ED0D0A80ED140A96
:1072900090ED0E0A80ED200A90ED270A80ED130A8A
:1072A00090ED280A80ED1F0A90F8A40078B31A48E0
:1072B0003C3000F04BFD18486C3000F047FD16489C
:1072C00090ED150A8DED020A90ED210A8DED030A6D
:1072D00090ED2B0AF0EE401A90ED2A0AB0EE401A1B
:1072E000DDED030A9DED020AFFF7DEFE8DED000ADB
:1072F000CDED010A9DED011AF0EE410A9DED001A57
:10730000B0EE410AB2EE0E1A00F06CFE00BF04B0FF
:10731000BDEC0A8B70BD0000880400205D8940F53B
:107320000F22593FDB0FC940014880ED010A704729
:1073300088040020024A908282ED060A1177704785
:107340008804002010B50446142202492046F9F7AB
:107350006FF810BD38050020014800787047000024
:107360002800002005E0DFED0D0A70EE600AB0EEA7
:10737000600ADFED0A0AB4EEE00AF1EE10FAF2DA82
:1073800005E0DFED060A70EE200AB0EE600AB5EE09
:10739000C00AF1EE10FAF4D370470000DB0FC940C9
:1073A0000848007838B107480078052803D0054818
:1073B0000078062805D10120024908700020024902
:1073C00008607047280000202C00002010B50D48F0
:1073D0000078072814D2DFE800F00405080E0B112E
:1073E00012000DE0FFF7A6F80AE0FFF77BF807E0D0
:1073F000FFF70EF804E0FFF71DF901E000E000BF21
:1074000000BF10BD2800002010B52DED068BF0EE5A
:10741000408AB0EE608A9FED2F0AB4EEC08AF1EE8A
:1074200010FA03DD9FED2B0AB0EE408AB5EEC08A5C
:10743000F1EE10FA03D29FED280AB0EE408AB0EECA
:10744000680A02F05BF9DFED230AB0EE609A08EEFD
:10745000009ADFED220A78EEE00AB0EE600A02F050
:107460004DF9DFED1C0AF0EE609A48EE009ADFED70
:107470001B0A78EEA00AB0EE600A02F03FF9DFEDD9
:10748000150AB0EE60AA08EE00AAB1EE010A29EED4
:10749000000ABCEEC00A10EE100A114909684863E0
:1074A000B1EE010A29EE800ABCEEC00A10EE100A05
:1074B0000B4909688863B1EE010A2AEE000ABCEEA6
:1074C000C00A10EE100A06490968C863BDEC068BB5
:1074D00010BD00000000FA4300000000910A0640C1
:1074E0009C02002010B52DED028B9FED0F0AB0EE2F
:1074F000408ADFED0D2A9FED0D2ADFED0D1A9FED7D
:107500000D1ADFED0D0A9FED0D0A0D4800F0AEFCDF
:107510000B4800F0E1FC9FED080A094880ED040AE1
:10752000BDEC028B10BD00006F12833A0000C8C38F
:107530000000C8436F12033C000000001F856B3E33
:107540008C06002010B52DED048BF0EE408AB0EED5
:10755000608A38EEC80AB0EE409A9FED140AB4EE85
:10756000C09AF1EE10FA06DD9FED110A38EE000A1E
:10757000B0EE408A0CE09FED0F0AB4EEC09AF1EE37
:1075800010FA05D29FED0A0A38EE400AB0EE408AA2
:107590000948C0ED048A80ED058A00F0D7FB064853
:1075A00090ED060ABDEC048B10BD00000000004504
:1075B00000008045000000C58C06002010B588B092
:1075C000FFF7CAFE0446052C1FD025A2012108465C
:1075D00000F06BFB23A20421012000F066FB22488F
:1075E00090ED280ADFED210A20EE200ABDEEC00A48
:1075F00010EE102A05230721012000F023FB0223AF
:1076000022460E21012000F0FBFA194890ED040AF1
:107610008DED010A90ED050A8DED020A154890EDF9
:10762000040A8DED030A90ED050A8DED040A0E485B
:1076300090ED210A8DED050A90ED090A8DED060AFF
:1076400090ED090AD0ED0A0A30EE200AB1EE400AA8
:107650008DED070A072101A801F0A8FE08B010BDB2
:107660004964740054713A008804002000007A4490
:10767000380600208C060020002007490880DFED36
:10768000070A0846C0ED010A80ED020A00200873CF
:1076900003490870704700006806002000000000E1
:1076A0004E00002010B50146F0EE400AF5EEC00A8B
:1076B000F1EE10FA03D8324A92ED010A10BD304AB9
:1076C000127BB2B9002203E02E4C24F81210521C97
:1076D0000A2AF9DB00222C4C2270294A11809FEDE6
:1076E0002B0A82ED010A0122254C22739FED270A05
:1076F000E4E7244A244C247832F81430224C2478CD
:1077000022F81410204A1278521C1F4C2270224674
:1077100012780A2A01DB00222270C81AB0F5006F25
:1077200002DDA0F5805004E010F5006F01DA00F5ED
:107730008050134A1180B2EE040A20EE801A00EE47
:10774000100AB8EEC00A9FED122A20EE020A9FED41
:10775000112A21EE022AC0EE021A92ED020AB7EEB9
:10776000002A32EE400A92ED012A20EE020A92ED42
:10777000022A02EE210A82ED010A92ED010A9DE73A
:1077800068060020780600204E000020000000005F
:107790000000704200008045B0EE401A9FED1A3A9A
:1077A000F0EE431A9FED193AF0EE432ABFEE003A8D
:1077B000B0EE432A9FED163AB0EE430AF0EE410ACE
:1077C000F5EEC00AF1EE10FA03D2B1EE603AF0EE37
:1077D000430AF4EEE10AF1EE10FA0FDD30EEE13A81
:1077E000B1EE433A23EE223AB0EE430AB4EEC20AB7
:1077F000F1EE10FA06D2B0EE420A03E09FED043A31
:10780000B0EE430A7047000000007A446F12833ADA
:107810000000000010B5DFED082A9FED082ADFED1B
:10782000081A9FED081ADFED080A9FED080A0848BC
:1078300000F01CFB10BD00006F12833ACDCC8CBF52
:10784000CDCC8C3F00000000A69BC43B6F12033BD5
:1078500038060020014880ED040A704738060020F1
:1078600010B52DED028BB0EE408A054880ED058AFB
:1078700000F06CFA024890ED060ABDEC028B10BDD8
:107880003806002010B507480088401C05490880CC
:1078900008460088FA2803DB00200880FFF748F834
:1078A00010BD00004800002010B5002009490870F4
:1078B0009FED090A094880ED280A9FED070A80ED2F
:1078C000270AB5EE000AFFF7D7FEFFF7A3FFFFF781
:1078D00009FE10BD4C0500200000000088040020B7
:1078E00010B52DED068B8AB09FED3F0AB0EE408AB1
:1078F000F8F78CFF0446B0EE480AFFF7D3FE3B488A
:1079000080ED010A6846FFF71DFD1422694605A8AF
:10791000F8F78EFD9DF9240000EE100AB8EEC00ABB
:107920003248D0ED010A20EE200AF0EE408A00F045
:10793000EBFA2E4908810846008900EE100AB8EEDD
:10794000400ADFED2B0A30EEC00AB0EE409AFFF796
:1079500003FD05282DD1F8F759FF00EE100AB8EE07
:10796000400AF0EE409AF0EE690AB0EE490AFFF7DD
:10797000E9FDB0EE40AA6846FFF7E4FC1422694630
:1079800005A8F8F755FD9DF9240000EE100AB8EEA1
:10799000C00A20EE0A0AF0EE40AAB0EE6A0AFFF72B
:1079A00059FFB0EE680AFFF75BFF124880ED280A26
:1079B0000EE09FED110AFFF74DFF104800F08CFA22
:1079C0000F4800F089FA9FED0C0A0A4880ED280A5A
:1079D000B0EE680AFFF7E0FE064880ED270A0AB01D
:1079E000BDEC068B10BD00006F12833A4C050020E1
:1079F00000F07F45880400200000000038060020C9
:107A00008C06002000BFFEE770B500240EE00021C8
:107A1000204600F0A9F8002504E0002000F086F9D7
:107A2000681CC5B2802DF8DB601CC4B2082CEEDBEC
:107A300070BD10B50A20FAF737FF012000F04AF9AF
:107A4000012000F055F910BD70B50546002411E085
:107A500080212141294009B1012100E0002108468F
:107A600000F046F9012000F035F9002000F032F96D
:107A7000601CC4B2082CEBDB012000F02BF90020C5
:107A800000F028F970BD10B5012000F031F9012097
:107A900000F020F9002000F02BF9002000F01AF986
:107AA00010BD10B5002000F023F9012000F012F9FC
:107AB000012000F01DF910BD10B56420FAF7F4FEA6
:107AC000FFF7B7FFAE2000F021F9D52000F01EF936
:107AD000802000F01BF9A82000F018F93F2000F0EA
:107AE00015F9D32000F012F9002000F00FF9402022
:107AF00000F00CF9A12000F009F9C82000F006F907
:107B0000DA2000F003F9122000F000F9812000F0E3
:107B1000FDF8CF2000F0FAF8D92000F0F7F8F120B6
:107B200000F0F4F8DB2000F0F1F8302000F0EEF87F
:107B3000A42000F0EBF8A62000F0E8F88D2000F07B
:107B4000E5F8142000F0E2F8AF2000F0DFF8FFF7CE
:107B50005BFF10BD10B50246012000E050430B1E34
:107B6000A1F10101FAD110BD70B505460C4645F0F2
:107B7000B00000F0CBF8102141EA141000F0C6F874
:107B800004F00F0000F0C2F870BD00002DE9F041D4
:107B900005460E461746721ED206110E6A1E520682
:107BA000100EFFF7E1FF002409E0A7F12001134ABE
:107BB00002EB0111085D00F0B9F8601CC4B2082C9A
:107BC000F3DB721ED206110E6A1E012303EB420282
:107BD000D0B2FFF7C9FF00240BE0A7F12001074A4C
:107BE00002EB011204F10801505C00F09FF8601CE8
:107BF000C4B2082CF1DBBDE8F081000070A00008E1
:107C00002DE9F04780460E4617461D46002415E034
:107C1000281B411E0A20FFF79DFFB7FBF0F00A2149
:107C2000B0FBF1F201FB120000F130093019C1B2D2
:107C30004A464046FFF7AAFF601CC4B2AC42E7DBED
:107C4000BDE8F0872DE9F0478146884615461E4677
:107C5000002D06DB2B2241464846FFF797FF2F46B3
:107C600005E02D2241464846FFF790FF6F42002471
:107C700017E0301B411E0A20FFF76CFFB7FBF0F046
:107C80000A21B0FBF1F201FB120000F1300A08EB0F
:107C90000400401CC1B252464846FFF777FF601C03
:107CA000C4B2B442E5DBBDE8F0872DE9F0410746F8
:107CB0000E461546002407E02A5D3019C1B2384649
:107CC000FFF764FF601CC4B2285D0028F4D1BDE852
:107CD000F081000010B50446224602210348FAF75D
:107CE00085FF0620FDF786FC10BD0000000400485B
:107CF00010B50446224601210348FAF777FF062013
:107D0000FDF778FC10BD00000004004810B50446E3
:107D1000FFF7B9FE7820FFF797FE0020FFF794FEEB
:107D20002046FFF791FEFFF7BCFE10BD10B50446DC
:107D3000FFF7A9FE7820FFF787FE4020FFF784FEBB
:107D40002046FFF781FEFFF7ACFE10BD00B970477B
:107D500090ED033AB5EEC03AF1EE10FA00D8F6E72E
:107D600090ED043AD0ED053A33EE630A90ED003A17
:107D700023EE001A90ED073A73EE011A012190EDFF
:107D80000A3AB4EEE13AF1EE10FA06D8B5EEC00ABE
:107D9000F1EE10FA01DD00210CE090ED0B3AB4EEAB
:107DA000E13AF1EE10FA05DBB5EEC00AF1EE10FA99
:107DB00000D2002129B390ED073AD0ED013A63EEED
:107DC000803A90ED034A03EE843A80ED073A90ED55
:107DD000073AD0ED0A3AB4EEE33AF1EE10FA03DDD9
:107DE00090ED0A3A80ED073A90ED073AD0ED0B3A64
:107DF000B4EEE33AF1EE10FA03D290ED0B3A80EDD7
:107E0000073A90ED093AD0ED053A33EE633AD0EDFA
:107E1000033A83EE232A90ED023A63EE022A80EDC4
:107E2000080A90ED053A80ED093A90ED073A33EEF5
:107E3000013A73EE220A90ED0A3AB4EEE03AF1EE1E
:107E400010FA03D290ED0A3AF0EE430A90ED0B3AA5
:107E5000B4EEE03AF1EE10FA03DD90ED0B3AF0EEFD
:107E6000430AC0ED060A00BF71E7000000B9704781
:107E700080ED000AC0ED010A80ED021AF5EEC02A7D
:107E8000F1EE10FA02DDB0EE623A01E09FED103A39
:107E900080ED033AC0ED0A1A80ED0B2A9FED0D3AF2
:107EA00080ED043A9FED0B3A80ED053A9FED093ADB
:107EB00080ED063A9FED073A80ED073A9FED053ACF
:107EC00080ED083A9FED033A80ED093A00BFCEE716
:107ED00017B751380000000000B970479FED080A3D
:107EE00080ED070A9FED060A80ED080A90ED050A6D
:107EF00080ED090A9FED020A80ED060A00BFECE75B
:107F00000000000070470000014800887047000032
:107F10004C00002070B5164DED6805F00304144DBB
:107F2000ED68C5F303156B1C022C0CD0032C09D192
:107F3000104DB5FBF3F50E4EF668C6F3062605FBAD
:107F400006F10AE000BF0C4DB5FBF3F5084EF668EC
:107F5000C6F3062605FB06F100BF00BF044DED6821
:107F6000C5F341656D1C6A00B1FBF2F070BD000005
:107F70000010024000127A000024F4007047000054
:107F8000B6EE000A144981ED000AB6EE000A81ED52
:107F9000010AB6EE000A81ED020A9FED100A81ED9A
:107FA000030A9FED0E0A81ED040AB2EE0E0A81ED7E
:107FB000050A9FED0A0A81ED060A0021064A11779B
:107FC00040F64C000649096848630549096888631A
:107FD00003490968C86370471806002000000000C4
:107FE0009C02002070B52DED040B2DED108B82B09E
:107FF000B0EE40AAB0EE60DAC04880ED03AA80ED92
:1080000004DA9DED140ADFEDBE0AB4EEE00AF1EEEB
:1080100010FA02DD9DED140A01E0B2EE0E0AB74837
:1080200080ED050A007F18B902B0BDEC108B7FBD52
:108030009FEDB40A8DED010AF0EE4A9AF0EE4A9AED
:10804000BEEE000A29EE800ADFEDAE0AB0EE40BABD
:1080500000EE8DBAF0EE4A9ABEEE000A29EE800AD2
:10806000DFEDA80AF0EE40BA40EECDBAB0EE69CA34
:10807000F0EE4C9AB4EEE9BAF1EE10FA01DDB0EE92
:108080004BCAF4EECCBAF1EE10FA01DDB0EE6BCAD9
:10809000F0EE69DAF0EE6D9AB4EEE9BAF1EE10FAAC
:1080A00001D2F0EE4BDAF4EEEDBAF1EE10FA01D2B5
:1080B000F0EE6BDA3CEE2D0AFEEE000A20EE20EA2E
:1080C00039EE8E0AF0EE409A3BEE0E0AB0EE40BA60
:1080D0003BEE8E0AF0EE40BA884890ED050AF6EEC7
:1080E000000AC0EE80EAB6EE000AB0EE408A09EE61
:1080F000AE8AB6EE000AF0EE408A4BEE2E8AB6EE5D
:10810000000AB0EE409A0BEEAE9AF0EE48AAB0EE3E
:108110006A8AF4EEC88AF1EE10FA01DDF0EE68AA80
:10812000B4EEEA9AF1EE10FA01DDF0EE49AAF0EEB3
:1081300048CAB0EE6C8AF4EEC88AF1EE10FA01D2A9
:10814000F0EE68CAB4EEEC9AF1EE10FA01D2F0EE5D
:1081500049CA3AEEECFAB7EE000AB4EEC0FAF1EE14
:1081600010FA26DDB7EE001AC1EE0F1AF0EE610A22
:108170003AEEAC1AF6EE001A21EE211AB0EE410AE0
:1081800078EE401AB0EE401A01EEA01AB0EE418A25
:1081900078EEC01AB0EE401A01EEA01AF0EE418A55
:1081A00079EE401AB0EE401A01EEA01AB0EE419AF4
:1081B0002FE0B7EE000AF4EEC0AAF1EE10FA12DDDD
:1081C000F7EE000A7AEEE00AB0EE600A78EE400AB6
:1081D000B0EE608A78EEC00AF0EE608A79EE400A6E
:1081E000B0EE609A15E0F5EEC0CAF1EE10FA10D2CA
:1081F000F1EE6C0AB0EE600A78EE000AB0EE608A2A
:1082000078EE800AF0EE608A79EE000AB0EE609AAD
:1082100000BF9FED3D1ADFED3D0AB0EE480A01F0C8
:108220000FFCB0EE408A9FED381ADFED380AB0EE51
:10823000680A01F005FCF0EE408A9FED331ADFED8D
:10824000330AB0EE490A01F0FBFBB0EE409A2B482E
:1082500080ED008AC0ED018A80ED029A6AEE0A0A7A
:108260004DEE0D0AB0EE600A01F010FBF0EE40FAA0
:10827000224890ED050ADFED260A60EE200AB0EEF6
:108280006F0A80EE201A80ED061ADFED220AB6EEA4
:10829000000A08EE200ABCEEC00A10EE104ADFED1C
:1082A0001D0AB6EE000A08EEA00ABCEEC00A10EEE7
:1082B000105ADFED180AB6EE000A09EE200ABCEEED
:1082C000C00A10EE106A41F29900844200D90446B7
:1082D00041F29900854200D9054641F29900864253
:1082E00000D906460C48006844630B480068856363
:1082F00009480068C66300BF96E600001806002023
:10830000CDCCCC3DD7B35D3F48E17A3F0AD7A33C03
:108310003ACD133F00C884459C02002010B5FAF7FF
:108320007BFF10BD00B593B0382105A8F8F7B2F86F
:1083300014216846F8F7AEF80020FBF75FF802203A
:108340000590C00108904020099002200C90022165
:108350000D9104210E9155210F910221109111913F
:10836000129105A8FBF720FC08B1F8F7F2FA0F20EC
:1083700000900320019000200290039004900421BB
:108380006846FBF789FA08B1F8F7E3FA13B000BDC5
:108390000348006840F4700001490860704700001D
:1083A00088ED00E010B50248FCF757F910BD000059
:1083B000E802002010B50268284B98420BD0B0F1BB
:1083C000804F08D0264B984205D0264B984202D0C9
:1083D000254B984203D122F070024B681A431F4B81
:1083E000984214D0B0F1804F11D01D4B98420ED05E
:1083F0001C4B98420BD01C4B984208D01B4B984208
:1084000005D01B4B984202D01A4B984203D122F45C
:108410004072CB681A4322F080034C6943EA04029D
:108420008B68C3620B6883620C4B98420BD00E4B77
:10843000984208D00D4B984205D00D4B984202D07F
:108440000C4B984201D10B690363036843F00403AA
:10845000036001234361026010BD0000002C014055
:10846000000400400008004000340140004001408A
:10847000004401400048014030B501F01F050124CF
:1084800004FA05F3046A9C430462046A01F01F05C0
:1084900002FA05F52C43046230BD30B501F00F053A
:1084A000042404FA05F3046A9C430462046A01F09C
:1084B0000F0502FA05F52C43046230BD30B50C46B9
:1084C000816821F47F4142EA0325254329438160E5
:1084D00030BD00000A468168034B194042F0070393
:1084E00019438160704700008FFFCFFF30B5026AEB
:1084F000056A25F00105056243688469214D2C4019
:1085000024F003040D682C4322F002028D682A43F4
:108510001D4DA84200D10FE01C4DA84200D10BE038
:108520001B4DA84200D107E01A4DA84200D103E03C
:10853000194DA84208D100BF056A25F0040505625F
:1085400022F00802CD682A430F4DA8420BD00F4DF0
:10855000A84208D00E4DA84205D00E4DA84202D028
:108560000D4DA84207D123F4807323F400734D69A5
:108570002B438D692B43436084614D6845630262E0
:1085800030BD00008FFFFEFF002C01400034014091
:1085900000400140004401400048014030B5026AFB
:1085A000056A25F01005056243688469234D2C4057
:1085B00024F440740D6844EA052422F020028D68FA
:1085C00042EA05121E4DA84200D10FE01D4DA842FF
:1085D00000D10BE01C4DA84200D100BF1B4DA842AA
:1085E00000D100BF1A4DA84209D108E0056A25F064
:1085F0004005056222F08002CD6842EA0512104D66
:10860000A8420BD00F4DA84208D00F4DA84205D06C
:108610000E4DA84202D00E4DA84209D123F480632A
:1086200023F400634D6943EA85038D6943EA8503BA
:10863000436084614D688563026230BDFF8FFFFE39
:10864000002C014000340140004001400044014042
:108650000048014030B5026A056A25F4807505625C
:108660004368C469234D2C4024F003040D682C4357
:1086700022F400728D6842EA05221F4DA84200D103
:108680000FE01E4DA84200D10BE01D4DA84200D1C5
:1086900000BF1C4DA84200D100BF1B4DA84209D10C
:1086A00008E0056A25F48065056222F40062CD6861
:1086B00042EA0522104DA8420BD0104DA84208D026
:1086C0000F4DA84205D00F4DA84202D00E4DA84232
:1086D00009D123F4805323F400534D6943EA051371
:1086E0008D6943EA05134360C4614D68C563026246
:1086F00030BD00008FFFFEFF002C01400034014020
:1087000000400140004401400048014030B5026A89
:10871000056A25F4805505624368C469234D2C40E1
:1087200024F440740D6844EA052422F400528D6854
:1087300042EA05321E4DA84200D10FE01D4DA8426D
:1087400000D10BE01C4DA84200D100BF1B4DA84238
:1087500000D100BF1A4DA84209D108E0056A25F4EE
:108760008045056222F40042CD6842EA0532104D90
:10877000A8420BD00F4DA84208D00F4DA84205D0FB
:108780000E4DA84202D00E4DA84209D123F48043D9
:1087900023F400434D6943EA85138D6943EA851349
:1087A0004360C4614D680564026230BDFF8FFFFE07
:1087B000002C0140003401400040014000440140D1
:1087C0000048014030B5026A056A25F4803505622B
:1087D0004368046D114D2C400D682C4322F4003287
:1087E0000D8942EA05420E4DA8420BD00D4DA8421C
:1087F00008D00D4DA84205D00C4DA84202D00C4D1A
:10880000A84204D123F480334D6943EA0523436031
:1088100004654D688564026230BD00008FFFFEFF75
:10882000002C014000340140004001400044014060
:108830000048014030B5026A056A25F480150562DA
:108840004368046D114D2C400D6844EA052422F460
:1088500000120D8942EA05520D4DA8420BD00D4D74
:10886000A84208D00C4DA84205D00C4DA84202D019
:108870000B4DA84204D123F480234D6943EA85239C
:10888000436004654D68C564026230BDFF8FFFFE22
:10889000002C0140003401400040014000440140F0
:1088A0000048014030B50B461446026A056A25F0BF
:1088B00001050562114DA84200D10FE0104DA842FC
:1088C00000D10BE00F4DA84200D107E00E4DA842A9
:1088D00000D103E00D4DA84204D100BF056A25F088
:1088E00004050562816921F0F00141EA041122F0DA
:1088F0000A021A438161026230BD0000002C01406F
:108900000034014000400140004401400048014063
:1089100030B50B461446026A056A25F0100505625B
:10892000114DA84200D10FE0104DA84200D10BE03C
:108930000F4DA84200D100BF0E4DA84200D100BF8C
:108940000D4DA84204D103E0056A25F040050562FB
:10895000816921F4704141EA043122F0A00242EA27
:1089600003128161026230BD002C014000340140DD
:1089700000400140004401400048014070B5456E90
:108980002DB90125A0F86A50A0F868501CE0082312
:1089900008240568AD68C5F342610568AD686A0FD3
:1089A0000A4DAD5C15FB04F5094EB65C95FBF6F57A
:1089B000A0F86A50054D6D5C15FB03F5044E765C1E
:1089C00095FBF6F5A0F8685070BD000048A00008BF
:1089D00050A0000890F8281001F00801082907D1DC
:1089E0000168496821F40041826B114302685160BB
:1089F00090F8281001F0010139B10168496821F4AB
:108A00000031C26A11430268516090F8281001F0E9
:108A10000201022907D10168496821F48031026B03
:108A200011430268516090F8281001F004010429F4
:108A300007D10168496821F48021426B1143026823
:108A4000516090F8281001F01001102907D1016839
:108A5000896821F48051C26B11430268916090F8DB
:108A6000281001F02001202907D10168896821F42C
:108A70000051026C11430268916090F8281001F0D7
:108A80004001402913D10168496821F48011426CEA
:108A9000114302685160416CB1F5801F07D1016834
:108AA000496821F4C001826C11430268516090F85A
:108AB000281001F08001802907D10168496821F45C
:108AC0000021C26C114302685160704738B50446FA
:108AD0000020C4F89000FAF78FF805462068006877
:108AE00000F00800082821D16FF07E402B460022BC
:108AF0004FF400110090204600F0E0FBB0B100BF41
:108B000000BF216851E8001F21F08000226842E880
:108B100000010029F5D100BF2020C4F8880000BF63
:108B2000002084F8840000BF032038BD206800685E
:108B300000F00400042830D16FF07E402B46002264
:108B40004FF480010090204600F0B8FB28B300BF2E
:108B500000BF216851E8001F21F49070226842E8AC
:108B600000010029F5D100BF00BF00BF2168083116
:108B700051E8001F21F001002168083141E800029E
:108B8000002AF3D100BF2020C4F88C0000BF0020D1
:108B900084F8840000BF0320C7E72020C4F88800C1
:108BA000C4F88C000020E066206700BF84F88400D1
:108BB00000BF00BFB9E770B50446A56A2846FCF7B8
:108BC0005EF970BD2DE9F0410546AC6AD4F88860C5
:108BD000D4F88C702068806800F08000802804D170
:108BE000212E02D1204600F023F92068806800F091
:108BF0004000402804D1222F02D1204600F0CAF8BC
:108C0000D4F8900040F01000C4F890002046FCF723
:108C100036F9BDE8F08170B50546AC6A2868006891
:108C200000F02000E0BB0020A4F85E0000BF00BF01
:108C3000216851E8001F21F48070226842E8000199
:108C40000029F5D100BF00BF00BF2168083151E8FD
:108C5000001F21F001002168083141E80002002ACC
:108C6000F3D100BF00BF00BF2168083151E8001FE9
:108C700021F040002168083141E80002002AF3D1C8
:108C800000BF2020C4F88C00E06E01280ED100BF88
:108C900000BF216851E8001F21F01000226800E0A9
:108CA00004E042E800010029F3D100BF0020206762
:108CB000E06E012815D10020A4F85E002868406805
:108CC00086B2B4F85C00B04201DDA4F85E60B4F88E
:108CD0005C00B4F85E20801A81B22046FCF74EF8A2
:108CE00002E02046FCF77EFB70BD70B50546AC6A1D
:108CF00001202067E06E012816D134F85C0F40088F
:108D000060802868406886B234F85C09B04201DBB4
:108D1000A4F85E60B4F85C00B4F85E20801A81B2FA
:108D20002046FCF72BF802E02046FCF75CFB70BD08
:108D300070B50546AC6A2868006800F02000F0B9FC
:108D40000020A4F8560000BF00BF2168083151E898
:108D5000001F21F080002168083141E80002002A4C
:108D6000F3D100BF00BF00BF216851E8001F41F0F0
:108D70004000226842E800010029F5D102E02046C7
:108D8000FCF782FB70BD70B50446A56A2846FCF767
:108D90007CFB70BD00BF00BF026852E8002F22F4C8
:108DA0009071036843E80012002AF5D100BF00BFAC
:108DB00000BF0268083252E8002F104B02EA03019C
:108DC0000268083242E80013002BF2D100BFC16EE6
:108DD00001290CD100BF00BF026852E8002F22F029
:108DE0001001036843E80012002AF5D100BF2021DA
:108DF000C0F88C100021C16641677047FEFFFFEF8D
:108E000010B5044600BF00BF216851E8001F21F0E3
:108E10004000226842E800010029F5D100BF20206F
:108E2000C4F888000020A0672046FCF72DFB10BD89
:108E300000BF00BF026852E8002F22F0C0010368A3
:108E400043E80012002AF5D100BF00BF00BF02684E
:108E5000083252E8002F22F400010268083242E88A
:108E60000013002BF3D100BF2021C0F888107047F9
:108E70002DE9FE4F044600200290D4492068884224
:108E800000D100E000BF2169A06808436169084380
:108E9000E16940EA010820680068CD49084040EADD
:108EA0000800216808602068406820F44050E168AC
:108EB000084321684860D4F81880C4492068884273
:108EC00002D0206A40EA080820688068C14908404A
:108ED00040EA0800216888602068C06A20F00F001E
:108EE000616A08432168C86200BFBB4920688842A4
:108EF00016D1BA48006800F0030030B1012808D04C
:108F0000022804D0032808D105E0012507E0022546
:108F100005E0042503E0082501E0102500BF6FE00F
:108F2000AF492068884216D1AC48006800F00C00B8
:108F300030B1042808D0082804D00C2808D105E056
:108F4000002507E0022505E0042503E0082501E0EF
:108F5000102500BF54E0A3492068884216D19F48DD
:108F6000006800F0300030B1102808D0202804D06C
:108F7000302808D105E0002507E0022505E004259A
:108F800003E0082501E0102500BF39E0964920687C
:108F9000884216D19148006800F0C00030B14028E6
:108FA00008D0802804D0C02808D105E0002507E0BB
:108FB000022505E0042503E0082501E0102500BF97
:108FC0001EE082492068884219D18448006800F474
:108FD000406048B1B0F5806F0AD0B0F5006F05D0A1
:108FE000B0F5406F08D105E0002507E0022505E057
:108FF000042503E0082501E0102500BF00E010254E
:1090000000BF72492068884259D135B1022D08D07D
:10901000042D08D0082D0DD109E0FAF755FD0646BC
:109020000CE0724E0AE0FAF773FD064606E04FF4D4
:10903000004603E000260120029000BF00BF002E82
:1090400010D06B49606A31F81000B6FBF0F9606827
:1090500000EB4000484503D860680003484502D251
:1090600001200290A6E06249606A31F810C06246B1
:10907000002330461946F7F71FF94FF4807C002291
:10908000A0FB0C3B01FB0CB100FB02116068400827
:1090900018185141CDE90001D4F804C062460023FC
:1090A000F7F70AF90746B7F5407F05D3B7F5801FF4
:1090B00002D22068C7607DE0012002907AE0E0697A
:1090C000B0F5004F3FD1092D17D2DFE805F00509B3
:1090D0000D160F1616161300FAF7F6FC064610E0EA
:1090E000FAF704FD06460CE0404E0AE0FAF710FDE0
:1090F000064606E04FF4004603E0002601200290F9
:1091000000BF00BF86B33A49606A31F81000B6FB71
:10911000F0F04000616800EB5100B0FBF1F7102F58
:109120000ED3B7F5803F0BD24FF6F07007EA000A76
:10913000C7F342004AEA000A2068C0F80CA039E0F0
:109140000120029036E0092D18D2DFE805F005096C
:109150000E17101717171400FAF7B6FC064611E0A1
:10916000FAF7C4FC06460DE024E0204E0AE0FAF7C8
:10917000CFFC064606E04FF4004603E0002601203F
:10918000029000BF00BFAEB11949606A31F810000B
:10919000B6FBF0F0616800EB5100B0FBF1F7102F67
:1091A00006D3B7F5803F03D2B8B22168C86001E0AA
:1091B000012002900120A4F86A00A4F868000020B1
:1091C0006067A0670298BDE8FE8F00000080004045
:1091D000F369FFCFFFF4FF1100380140881002400F
:1091E0000044004000480040004C00400024F400CF
:1091F00030A0000870B504460E46154644F8586F76
:10920000A5800020A06322206063A06A583CF8B1CA
:109210002748241DE16FC8622648E16F086326488D
:10922000E16F48630020E16F886354F8043C03F168
:109230002401626DE06F241F2B46F9F7D4FA38B190
:109240001020C4F890002020C4F88C00012070BDCC
:10925000206960B100BF00BF216851E8001F41F4E0
:109260008070226842E800010029F5D100BF00BFEC
:1092700000BF2168083151E8001F41F0010021685A
:10928000083141E80002002AF3D100BF00BF00BF4F
:109290002168083151E8001F41F040002168083181
:1092A00041E80002002AF3D100BF0020CFE7000010
:1092B000178C0008EB8C0008C58B00082DE9F041E5
:1092C00004460D4617469846069E41E0701C00284D
:1092D0003ED0F9F791FCA0EB0800B04200D816B9D7
:1092E0000320BDE8F0812068006800F0040070B33E
:1092F000802D2DD0402D2BD02068C069C0F3C00038
:1093000078B10820216808622046FFF743FD082055
:10931000C4F8900000BF002084F8840000BF012042
:10932000DFE72068C069C0F3C02080B14FF400605F
:10933000216808622046FFF72DFD2020C4F8900028
:1093400000BF002084F8840000BF0320C9E7FFE7C6
:109350002068C0692840A84201D1012000E0002017
:10936000B842B3D00020BCE710B50248FBF788FD37
:1093700010BD00003403002000BFFEE710B58022BE
:1093800008490948FBF7C8FC0748D0F88000006886
:10939000006820F004000449D1F8801009680860D2
:1093A00010BD0000580500203403002070B50646AB
:1093B0000C4624B1042000EB8400402800D970BD85
:1093C0000C48D0F88800202800D0F8E7A5002A46ED
:1093D00031460948F6F7E7FF074828440749096876
:1093E0000160281D82B204490248FBF7FDFF00BF5F
:1093F000E5E7000034030020D805002060A600083F
:109400004100080218BF04200A0E18BF40F00100F6
:109410004FF07F4232EA010108BF40F0020001280C
:1094200008BF05207047000002480068C0F3022012
:10943000704700000CED00E010B5002804DB0A07BF
:10944000130E054A135406E00A07140E034A00F0EF
:109450000F031B1FD45410BD00E400E018ED00E022
:1094600010EE101A08B5444A6846B2EB410F28D9ED
:109470004FF0E640B0EB410F94BF00204FF0FF30BB
:1094800000900098002861DB60EE000A10F0010FE8
:1094900045D010F0020FDFED391A9FED391A00EEBA
:1094A000E11ADFED381A40EE811A21EEA01AF0EE33
:1094B000400A40EE010A08BFF1EE600AB0EE600A11
:1094C00008BD314B21F0004293423CD911F0004FCE
:1094D000DFED2E0A20EE201ADFED2D0A19BF31EE46
:1094E000601A71EE200A31EE201A71EE600ABDEEAC
:1094F000E01A11EE100A9FED271A00F0030000EEAB
:10950000C10A9FED251A009000EEC10A9FED231AB3
:1095100000EEC10A9FED221A00EEC10AB1E79FEDED
:10952000211A9FED210A10F0020F00EE810A9FED33
:109530001F1A00EE801AB7EE000A00EE810A18BF6B
:10954000B1EE400A08BD00F0D1F99AE710EE100A1A
:109550004000B0F17F4F3CBFB7EE000A08BD07D115
:109560004FF00100F6F7C5FFBDE8084000F0AEB9C6
:10957000BDE8084000F0A7B9B61F927E336D4C39A4
:10958000DA82083CA0AA2ABE490E494683F9223F46
:109590000000004B0000C93F00A0FD390020A233AD
:1095A0001A61342CB93AB2BACA9F2A3DDDFFFFBE18
:1095B00010B52DED028BF0EE408A18EE900AB0EE59
:1095C000608A20F00040C0F1FF40C00F07D118EEC4
:1095D000100A20F00040C0F1FF40C00F2BD018EE61
:1095E000101A18EE900A00F073FC00EE100A10EE4C
:1095F000100A6FEAD05010F0FF0F04BFBDEC028BD1
:1096000010BD18EE900A00F0004110EE100A00F0B4
:109610000040814204BFBDEC028B10BD18EE101A51
:1096200010EE100ABDEC028B61F31E0000EE900AF2
:1096300030EE600A10BD18EE900A4FF07F41B1EB9A
:10964000400F1CBF18EE100A5FEA4000C7D101208E
:10965000F6F74FFFBDEC028BBDE8104000F036B9C5
:1096600010B52DED028BB0EE408A18EE100A00F016
:10967000AFFC01EE100A18EE100AB7EE000A78EE01
:10968000410A10F0004F4FF07F4010EE901A12D0B8
:10969000B1F13F4F24BF10EE901AB0EB410F12D240
:1096A00010EE901AB1F17C5F1CDD10EE901AB0EB59
:1096B000410F17D314E0B1F13F4F07D910EE901AC4
:1096C000B0EB410F02D331EE401A0BE010EE901ACE
:1096D000B1F17C5F06DB10EE901AB0EB410F01D3C5
:1096E00031EE001A18EE100ABDEC028B11EE101AC2
:1096F00061F31E0000EE100A10BD000000B510EE70
:10970000101A2DED028B81B0524A6846B2EB410F20
:109710002ED94FF0E640B0EB410F94BF00204FF040
:10972000FF3000900098B0EE408A00286ADB10F00D
:10973000010F4BD068EE080A9FED471A9FED470ACC
:1097400000EE810A9FED461A10F0020F00EE801A1B
:10975000B7EE000A00EE810A02BF01B0BDEC028B39
:1097600000BD00BF01B0B1EE400ABDEC028B00BDF0
:109770003C4B21F00042934241D911F0004FDFED04
:109780003A0A20EE201ADFED390A19BF31EE601ACD
:1097900071EE200A31EE201A71EE600ABDEEE01A79
:1097A00011EE100A9FED321A00F0030000EEC10A1C
:1097B0009FED301A009000EEC10A9FED2F1A00EEC7
:1097C000C10A9FED2E1A00EEC10AABE728EE080A87
:1097D0009FED2B1ADFED2B0A10F0020F40EE410A2D
:1097E0009FED291A00EE201A61EE000AB0EE480A39
:1097F00008EE200AB6D101B0BDEC028B00BD00F02E
:1098000075F88FE718EE100A4000B0F17F4F0DD2C7
:1098100018EE100AFFF7F4FD042808BF00F05EF808
:10982000B0EE480A01B0BDEC028B00BD09D10120A9
:10983000F6F75FFE01B0BDEC028B5DF804EB00F0C3
:1098400045B801B0B0EE480ABDEC028B5DF804EB00
:1098500000F039B8B61F927EB93AB2BACA9F2A3D13
:10986000DDFFFFBE490E494683F9223F0000004B51
:109870000000C93F00A0FD390020A2331A61342C3A
:10988000336D4C39DA82083CA0AA2ABE10B52DED02
:10989000028BB1EEC08A18EE100A20F00040C0F131
:1098A000FF40C00F0AD010EE100A20F00040C0F1B7
:1098B000FF40C00F04BF0120F6F71BFEB0EE480AC0
:1098C000BDEC028B10BD30EE000A7047DFED020ADE
:1098D00080EEA00A70470000000000009FED020A21
:1098E00020EE000A70470000000000102DE9F00192
:1098F0004FF07F42B2EB410F9FBF4FF0FF3101604D
:10990000BDE8F00170474FF0004242EA0123C1F385
:10991000C752783A551112F01F0C434CCCF1200677
:109920007C44C1F3C752A2F178024FEA621204EB01
:10993000820254F8254008BFD2E9015612D055687A
:1099400004FA0CF425FA06F73C43976805FA0CF57F
:1099500027FA06F8D26807FA0CFCF24045EA080537
:109960004CEA0206A4FB034CA5FB0352A6FB0363CF
:109970001D449D4234BF012600261319334416B1FD
:10998000934202D903E0934201D2012200E0002277
:10999000624402F1200C9206DC0C42EA443200EEF2
:1099A000102A5B03DFED210AF8EEC01A00EE103A30
:1099B0004FEA9C1C11F0004FB8EE400AC0F800C0FE
:1099C00020EE201A00EE105ADFED190AB8EE400A18
:1099D00020EE200A71EE810A70EE800A10EE902AC5
:1099E00002F500626FF30B0200EE902A70EEE11AAE
:1099F00031EEC11ADFED101A30EE411A9FED0D0A5B
:109A000020EE800A01EE210A9FED0C1A00EE810A79
:109A100004BFBDE8F0017047CCF180510160BDE8A2
:109A2000F001B1EE400A7047400D00000000003622
:109A30000000802C22AAFD29DB0FC92F0000C92FAE
:109A4000F0EE401AF4EEE01AF1EE10FA02D2B0EEA7
:109A5000600A7047F4EEC11AF1EE10FA02DDB0EEC2
:109A6000410AF6E7B0EE610AF3E7000010B56420A2
:109A7000F8F71AFF7F213148F6F76EFF7F21304853
:109A8000F6F76AFF2E4A126802F140012C4A0123C0
:109A9000506D2C4AF8F76EFE29480068C06840F007
:109AA000020027490968C86025480068C06840F07E
:109AB000010023490968C8602148F8F7F7FB2248EC
:109AC000FAF777FC0C212048FBF724F8FDF782FA1F
:109AD0000A20F8F7E9FEFBF7DBFC0A20F8F7E4FEC2
:109AE0001648F7F755FC00211748FBF713F8042137
:109AF0001548FBF70FF808211348FBF70BF8002176
:109B00001148FAF7E1FB04210F48FAF7DDFB0821C1
:109B10000D48FAF7D9FBFEF733FA0C48FAF7B4FC14
:109B2000FFF72CFCF6F778FEFDF7C6FF3220F8F7BA
:109B3000BBFEFDF7B9FEFDF733FC10BD5000002061
:109B4000BC0000204C0000209C020020E802002005
:109B5000F9F76EFBFEF7E6FBFCF7ECFFFCF7A2FF64
:109B6000FCF7EEFEFDF788F8FDF71EF9FCF754FF51
:109B7000FDF756F8FDF74EF9FFF778FF01E0FDF726
:109B80001DFDFCE721F00042A2F16052B2F5801FFA
:109B900001F0004328BFD2F17F6C0BD95FEA001CB3
:109BA00043EAC20242EB507018BF704728BF20F052
:109BB00001007047B2F5801FBCBF184670474FEADE
:109BC000410C1CF5001F02D2084600F0FBB970B52D
:109BD00000F0B4F800000089FFF7F6BF4FF0004036
:109BE000A0F5800070470000DFF848C170B51CEA9E
:109BF000111E1EBF1CEA13159EEA0C0F95EA0C0FEE
:109C000000F06F8081EA030423EA4C134EEAD47E0D
:109C100021EA4C1141F4801143F48013AE44A1FBBE
:109C2000024CA0FB0365AEF17F7E361955EB0C05A7
:109C3000A1FB034C4CF10003A0FB021C16EB0C062D
:109C4000654153F10003094218BF46F0010613F4C1
:109C5000007F0BD14FEA03314FEA0530340341EA6C
:109C6000155140EA16506FF003020AE04FEAC32193
:109C70004FEAC520F40241EA555140EA56506FF0D0
:109C8000020202EB2E4201EB025585EACE710AD0A8
:109C90005FEA440C18BF24F0004450F1000041F189
:109CA000000120EAD47040F2FE7C624500D270BD13
:109CB000A84214BF4FF080444FF04044002E08BF2C
:109CC0000024BEF1806FA8BFA1F1C041BDE8704083
:109CD00080F282804FF0000001F1C04101F00041AC
:109CE00070479EEA0C0F0CEA131518BF95EA0C0F8B
:109CF00006D04FF0000081EA030E0EF0004170BD67
:109D000000F01CF88900013E00F007B800F009B827
:109D10004FEA430C5FEA5C5C08D081EA030100F083
:109D20005BB84FEA410C5FEA5C5CF6D14FF0000093
:109D3000014970470000FF070000F87F0EF1020E96
:109D40002EF0030E5EF8046B364205D4012A43EB75
:109D5000030515F5001F12D8012841EB010C1CF575
:109D6000001F0CD80ED14FEAD17C15F5001F0CEB6B
:109D70004C0C0CF1020C08BF4CEBD37C04E04FF010
:109D8000080C01E04FEAD37C0CEB4C0526FA05F6F3
:109D900006F00706B6F1040C06D20EEB860CBDE801
:109DA00070404CF0010C6047DFE80CF0090B020238
:109DB0004FF000414FF00000A1F5002170BD1946A1
:109DC0001046012851EB010418BFD4F5001484BFDC
:109DD000002001F0004170BD0808A0F500114FEA15
:109DE0003101704743004FEAD30C4FEA3C0C43402B
:109DF0001FBF40070CF1605113F0FE4F70471CF07D
:109E0000006F03D100200CF0004170470CF00043BC
:109E100043EA507010B540EACC0000F00EF800BFE5
:109E2000000000924FEA0001FFF7D6BF4FF000415B
:109E30004FF00000A1F5002170470EF1020E2EF048
:109E4000030E5EF8044B244204D44FEA4102B2F1FF
:109E50007F4F11D84FEA4003B3F17F4F0CD80ED19A
:109E60004FEAD07CB2F17F4F0CEB4C0C0CF1020CA2
:109E700008BF4CEBD17C04E04FF0080C01E04FEA46
:109E8000D17C0CEB4C0324FA03F404F00704B4F186
:109E9000040C06D20EEB840CBDE810404CF0010C13
:109EA0006047DFE80CF0070802024FF00040A0F521
:109EB000800010BD0846420018BFD2F1807288BFF2
:109EC00000F0004010BD4FF04070E1EE100A704706
:109ED0004FF07F4C3CEA410318BF3CEA400200F0DF
:109EE00062804FF47F0C10F0004F0CEAD11318BFC2
:109EF00043F005031CEAD01218BF13EA0C0F00F060
:109F000057804FF0004C4CEA00204CEA0121A3F5A9
:109F100080339A4210DDB0F1004F23F0020306D3E4
:109F2000401A43F00203BCBF404283F001034FEAF2
:109F30004000A2F58032ECE74FEA224CBCEB234F05
:109F400008DB884206D31CD0A0EB4100C0F1000022
:109F500083F0010340001DD217D40DD0B0FA80FC6D
:109F60000CF1010C00FA0CF0A2EB0C42D2F1000C47
:109F700012DB4FEAC37070474FEA437000F00040B5
:109F8000704713F0020FE5D0DEE7B2F580324FEAFA
:109F90004000EBDD002AE9DD4FEAC21242EA502020
:109FA00040EAC370704710B5FFF747FFEDFFFF3E73
:109FB0001CEAD11F02D000F00040704700487047F3
:109FC0000000C07FFF2141EAD050C005704700006B
:109FD0005FEA400C5FEA1C6CBCF17F0314D4D3F140
:109FE000170240F31C804FF0010C0CFA02FCACF19C
:109FF00001030340B3EB5C0220EA030008BF10EA50
:10A000000C0F88BF60447047B3F1FF3F28BF5FEA81
:10A01000002C00F0004088BF40F07E507047BCF13B
:10A02000FF0FB8BF704710B5FFF707FF40DBB6BEA4
:10A03000010002000400060008000A000C001000E5
:10A040002000400080000001010101030701000021
:10A0500008040204080101010000000000000000E3
:10A0600001020304060708090000000001020304BE
:10A0700000000000000000000000000000000000E0
:10A08000000000F800000000000000333000000075
:10A0900000100C06100C060000000000000000007C
:10A0A00040C07840C0784000043F04043F040400EE
:10A0B000007088FC08300000001820FF211E0000FE
:10A0C000F008F000E018000000211C031E211E0013
:10A0D00000F00888700000001E2123241927211099
:10A0E00010160E000000000000000000000000003C
:10A0F000000000E0180402000000000718204000E3
:10A1000000020418E00000000040201807000000D2
:10A11000404080F0804040000202010F0102020036
:10A12000000000F0000000000101011F010101001A
:10A13000000000000000000080B07000000000007F
:10A140000000000000000000000101010101010108
:10A15000000000000000000000303000000000009F
:10A160000000000080601804006018060100000074
:10A1700000E010080810E000000F102020100F0071
:10A18000001010F8000000000020203F20200000F8
:10A190000070080808887000003028242221300050
:10A1A00000300888884830000018202020110E0058
:10A1B0000000C02010F8000000070424243F240001
:10A1C00000F80888880808000019212020110E00D6
:10A1D00000E0108888180000000F112020110E00E8
:10A1E00000380808C83808000000003F00000000E0
:10A1F0000070880808887000001C222121221C00A1
:10A2000000E010080810E0000000312222110F00C9
:10A21000000000C0C000000000000030300000005E
:10A2200000000080000000000000806000000000CE
:10A2300000008040201008000001020408102000E7
:10A240004040404040404000040404040404040032
:10A2500000081020408000000020100804020100C7
:10A26000007048080808F0000000003036010000C7
:10A27000C030C828E810E0000718272423140B007A
:10A280000000C038E0000000203C230202273820F4
:10A2900008F8888888700000203F202020110E00D8
:10A2A000C0300808080838000718202020100800CF
:10A2B00008F808080810E000203F202020100F00B8
:10A2C00008F88888E8081000203F20202320180084
:10A2D00008F88888E8081000203F200003000000EC
:10A2E000C03008080838000007182020221E02008D
:10A2F00008F808000008F808203F210101213F204C
:10A30000000808F8080800000020203F2020000076
:10A3100000000808F8080800C08080807F00000066
:10A3200008F888C028180800203F2001263820009F
:10A3300008F8080000000000203F20202020300006
:10A3400008F8F800F8F80800203F003F003F200020
:10A3500008F830C00008F808203F200007183F0028
:10A36000E01008080810E0000F10202020100F0057
:10A3700008F808080808F000203F2101010100004A
:10A38000E01008080810E0000F18242438504F008F
:10A3900008F8888888887000203F2000030C30204F
:10A3A00000708808080838000038202121221C008D
:10A3B000180808F8080818000000203F20000000D6
:10A3C00008F808000008F808001F202020201F00BF
:10A3D0000878880000C83808000007380E0100001F
:10A3E000F80800F80008F800033C0700073C0300E9
:10A3F000081868808068180820302C03032C30204F
:10A400000838C800C83808000000203F20000000BD
:10A4100010080808C8380800203826212020180015
:10A42000000000FE020202000000007F40404000E9
:10A43000000C30C000000000000000010638C00021
:10A4400000020202FE000000004040407F000000C9
:10A4500000000402020204000000000000000000EE
:10A4600000000000000000008080808080808080EC
:10A4700000020204000000000000000000000000D4
:10A4800000008080808000000019242222223F20CA
:10A4900008F8008080000000003F112020110E000D
:10A4A0000000008080800000000E1120202011009C
:10A4B000000000808088F800000E112020103F204E
:10A4C0000000808080800000001F222222221300D2
:10A4D000008080F0888888180020203F202000001D
:10A4E0000000808080808000006B949494936000D2
:10A4F00008F8008080800000203F210000203F20DD
:10A5000000809898000000000020203F20200000DC
:10A51000000000809898000000C08080807F0000CC
:10A5200008F8000080808000203F24022D302000A9
:10A53000000808F8000000000020203F2020000054
:10A540008080808080808000203F20003F20003F6E
:10A550008080008080800000203F210000203F207C
:10A560000000808080800000001F202020201F002D
:10A57000808000808000000080FFA12020110E005C
:10A580000000008080808000000E112020A0FF804D
:10A59000808080008080800020203F2120000100FA
:10A5A000000080808080800000332424242419004F
:10A5B000008080E0808000000000001F202000005C
:10A5C0008080000000808000001F202020103F209D
:10A5D000808080000080808000010E30080601002D
:10A5E00080800080008080800F300C030C300F00D2
:10A5F00000808000808080000020312E0E312000FD
:10A60000808080000080808080818E70180601002C
:10A6100000808080808080000021302C222130004A
:10A6200000000000807C020200000000003F40406B
:10A6300000000000FF00000000000000FF0000001C
:10A640000002027C800000000040403F000000004B
:10A6500000060101020204040000000000000000E6
:10A660000000807F000000006E83F9A22915444E8F
:10A67000D15727FCC0DD34F5999562DB4190433C0E
:10A68000AB6351FEA4A600080000002050000000AB
:10A6900014020008F4A6000850000020D00C0000AE
:10A6A0003002000800000000000000001000000060
:10A6B000010000000024F400000000000000000081
:10A6C000000000000000000000000000000000008A
:10A6D000000000000000000000000000000000007A
:10A6E000000000000000000000000000000000006A
:04A6F0000000000066
:04000005080001D915
:00000001FF
